ID,Main Artist,Featuring,Song,Key,BPM,Duration,Genre,Language,Country,Year Released,Arrangement,Piano?,Guitar solo?,Classic?
1,Honne,,Day 1,Db,100,3:53,Alternative,English,UK,2018,,,,
2,Juan Luis Guerra,,Tu,E,128,3:56,Bachata,Spanish,Dominican Republic,2004,,,,
3,Okills,,Canción normal,Gb,90,3:46,Rock,Spanish,Venezuela,2017,,,,
4,Karol G,,Mientras Me Curo Del Cora,C,85,2:42,Reggaeton,Spanish,Colombia,2023,,,,
7,Maná,,En El Muelle De San Blás,D,97,5:52,Rock,Spanish,Mexico,1997,,,,
8,Luis Enrique,,Asi llegaste tu,E,98,4:51,Salsa,Spanish,Nicaragua,2009,,,,
9,Luis Enrique,,Amuleto Secreto,G,92,4:53,Salsa,Spanish,Nicaragua,2010,,,,
10,Luis Enrique,,Timbalaye,G#m,118,4:15,Salsa,Spanish,Nicaragua,2011,,,,
11,Pedró Capó,,Calma (ft. Farruko),D,127,3:58,Reggaeton,Spanish,Puerto Rico,2018,,,,
12,The Chicks,,Goodbye Earl,C,123,4:26,Country,English,United States,1999,,,,
13,Carlos Vives,,Fruta Fresca,Am,120,3:53,Vallenato,Spanish,Colombia,1999,,,,
14,Sarah McLachlan,,Blackbird,A,93,2:21,Pop,English,Canada,1994,,,,
15,Elena Rose,,Vogue,Dm,56,3:06,Pop,Spanish,Venezuela,2022,,,,
16,Teddy Swims,,Lose Control,F#m,80,3:29,"Pop, Soul",English,United States,2019,,,,
17,Natalia Lafourcade,Los Macorinos,Soledad y El Mar,E,89,5:27,Folk,Spanish,Mexico,2015,,,,
18,Natalia Lafourcade,Los Macorinos,Tú sí sabes quererme,C#m,85,6:15,Folk,Spanish,Mexico,2015,,,,
19,Elsa y Elmar,,Ojos Noche,Ab,120,4:14,Indie Pop,Spanish,Colombia,2019,,,,
20,Monsieur Periné,,Nuestra Canción,E,107,4:20,Latin Pop,Spanish,Colombia,2015,,,,
21,Monsieur Periné,,Bailar Contigo,C#m,101,3:38,Latin Pop,Spanish,Colombia,2018,,,,
22,Caloncho,,Optimista,F,123,3:32,Indie Pop,Spanish,Mexico,2013,,,,
23,Caloncho,,Palmar,Bm,134,3:13,Indie Pop,Spanish,Mexico,2015,,,,
24,Caloncho,,Fresh,C,123,2:45,Indie Pop,Spanish,Mexico,2018,,,,
25,Obie Bermudez,,Antes,Ab,75,3:37,Latin Pop,Spanish,Puerto Rico,2004,,,,
26,Obie Bermudez,,Así Me Siento Hoy,D,115,3:53,Latin Pop,Spanish,Puerto Rico,2006,,,,
27,Obie Bermudez,,El Fin,C,96,3:53,Latin Pop,Spanish,Puerto Rico,2006,,,,
28,Obie Bermudez,,4:30 AM,Ab,94,3:34,Latin Pop,Spanish,Puerto Rico,2003,,,,
29,Obie Bermudez,,Sigo Con Ella,F,95,3:25,Latin Pop,Spanish,Puerto Rico,2007,,,,
30,Obie Bermudez,,Me Cansé De Ti,A,101,2:57,Latin Pop,Spanish,Puerto Rico,2007,,,,
31,Train,,Play That Song,Eb,99,4:09,Pop,English,United States,2016,,,,
32,GALE,,D Pic,G,82,2:25,Latin Pop,Spanish,Puerto Rico,2021,,,,
33,GALE,,Problemas,Am,133,3:17,Latin Pop,Spanish,Puerto Rico,2022,,,,
34,GALE,,1+1,B,110,3:07,Latin Pop,Spanish,Puerto Rico,2022,,,,
35,Bebe,,Siempre me quedará,Am,77,3:39,Pop,Spanish,Spain,2004,,,,
36,Boyce Avenue,Megan Nicole,Heaven,B,65,4:08,Pop,English,United States,2012,,,,
37,Boyce Avenue,,Can't Help Falling In Love,F,66,2:19,Pop,English,United States,2010,,,,
38,Servando y Florentino,,Muchacho Solitario,C,72,4:46,Latin Pop,Spanish,Venezuela,1997,,,,
39,Servando y Florentino,,Tu Amor,C,120,3:54,Latin Pop,Spanish,Venezuela,1998,,,,
40,Servando y Florentino,,Te Encontre,A,92,3:02,Latin Pop,Spanish,Venezuela,1999,,,,
41,Victor Muñoz,,Si o No,Bb,120,3:29,Latin Pop,Spanish,Venezuela,2005,,,,
42,Victor Muñoz,,Enamorado de ti,G,95,3:49,Latin Pop,Spanish,Venezuela,2011,,,,
43,Georgina,,Bienvenido a mi habitación,Bm,112,3:13,Pop,Spanish,"Venezuela, Spain",2009,,,,
44,Georgina,,Mi amiga soledad,B,128,3:29,Pop,Spanish,"Venezuela, Spain",2012,,,,
45,Georgina,,Quedate allí,Gb,105,2:57,Pop,Spanish,"Venezuela, Spain",2012,,,,
46,Michael Bublé,,Hold On,F,66,4:05,Jazz/Pop,English,Canada,2009,,,,
47,Michael Bublé,,Home,G,64,3:46,Jazz/Pop,English,Canada,2005,,,,
48,Sin Bandera,,Magia,G,103,4:43,Latin Pop,Spanish,"Argentina, Mexico",2003,,,,
49,Sin Bandera,,Suficiente,G#m,96,4:46,Latin Pop,Spanish,"Argentina, Mexico",2004,,,,
50,Sin Bandera,,De viaje,C,65,4:15,Latin Pop,Spanish,"Argentina, Mexico",2006,,,,
51,Sin Bandera,,Junto a Ti,E,85,4:01,Latin Pop,Spanish,"Argentina, Mexico",2006,,,,
52,Sin Bandera,,Sirena,A,111,3:30,Latin Pop,Spanish,"Argentina, Mexico",2008,,,,
53,Sin Bandera,,Ves,E,63,3:32,Latin Pop,Spanish,"Argentina, Mexico",2009,,,,
54,Michael Bublé,,Crazy Love,G,76,3:32,Jazz/Pop,English,Canada,2009,,,,
55,FKJ,Masego,Tadow,Am,61,5:01,Neo-Soul,English,"France, United States",2017,,,,
56,FKJ,,Way Out,Eb,59,3:20,Neo-Soul,English,France,2017,,,,
57,Jay Kalyl,,Lunes,E,95,3:19,Christian,Spanish,Puerto Rico,2018,,,,
58,Justin Bieber,,Sorry,Cm,100,3:20,Pop,English,Canada,2015,,,,
59,Extreme,,More Than Words,Gb,92,4:12,Rock,English,United States,1990,,,,
61,Mr. Big,,To Be With You,E,83,3:30,Rock,English,USA,1991,,,,x
62,Voz Veis,,Esos Ojos Que Me Miran,G,108,4:23,Latin Pop,Spanish,Venezuela,2007,,,,
63,Voz Veis,,La Mesera,E,105,4:00,Latin Pop,Spanish,Venezuela,2007,,,,
64,Voz Veis,,Virao,Am,136,3:02,Latin Pop,Spanish,Venezuela,2007,,,,
65,Voz Veis,,Y como hare,A,90,3:26,Latin Pop,Spanish,Venezuela,2007,,,,
66,Voz Veis,,Respiro,G,128,3:15,Latin Pop,Spanish,Venezuela,2007,,,,
67,Voz Veis,,Tanto Swing,C,92,2:10,Latin Pop,Spanish,Venezuela,2007,,,,
68,Voz Veis,,Somos mas,E,84,4:00,Latin Pop,Spanish,Venezuela,2007,,,,
69,Voz Veis,,La Colmena De la Vida,D,104,3:48,Latin Pop,Spanish,Venezuela,2007,,,,
70,Voz Veis,,Inexplicable,G,112,3:40,Latin Pop,Spanish,Venezuela,2007,,,,
71,Voz Veis,,Quizas,Ab,67,3:46,Latin Pop,Spanish,Venezuela,2007,,,,
72,Voz Veis,Ricardo Montaner,Ven A Mi Casa Esta Navidad,F,88,3:42,"Latin Pop, Christmas",Spanish,Venezuela,2007,,,,
73,Voz Veis,,Al Otro Lado,E,88,3:22,Latin Pop,Spanish,Venezuela,2007,,,,
74,Voz Veis,Noel Schajris,Gloria,G,105,2:52,Latin Pop,Spanish,Venezuela,2007,,,,
75,Voz Veis,,Amor secreto,F,98,2:43,Latin Pop,Spanish,Venezuela,2007,,,,
76,Cristian Castro,,Nunca Voy A Olvidarte,Eb,78,5:07,Latin Pop,Spanish,Mexico,1993,Long song,,,
77,Cristian Castro,,Angel,Ab,68,5:01,Latin Pop,Spanish,Mexico,1999,Long song,,,
78,Cristian Castro,,Volver a Amar,Em,81,4:41,Latin Pop,Spanish,Mexico,2001,,,,
79,Cristian Castro,,Por Amarte Así,Db,64,4:32,Latin Pop,Spanish,Mexico,2000,,,,
80,Cristian Castro,,Azul,F,128,4:20,Latin Pop,Spanish,Mexico,2001,,,,
81,Ana Isabelle,Cristian Castro,Por Amarte Asi,Db,65,4:13,Latin Pop,Spanish,"Puerto Rico, Mexico",2012,,,,
82,Diego Torres,,Tal Vez,A,82,3:22,Latin Pop,Spanish,Argentina,2006,,,,
83,Sebastian Yatra,,Fantasía,G,58,2:58,Latin Pop,Spanish,Colombia,2019,,,,
84,SZA,,Nobody Gets Me,G,75,3:00,"R&B, Soul",English,USA,2022,,,,
85,Cirque du Soleil,,Kalimando,D,86,4:12,Soundtrack,Instrumental,Canada,1994,,,,
86,Cirque du Soleil,,Querer,Dm,105,4:34,Soundtrack,Spanish,Canada,1994,Cool chords,,,
87,Cirque du Soleil,,Alegria,Dm,84,4:21,Soundtrack,"Spanish, English, Italian",Canada,1994,,,,
88,Fito Paez,,Mariposa tecknicolor,B,145,3:43,Rock,Spanish,Argentina,1994,,,,
89,Kelly Clarkson,,Broken & Beautiful,Ab,112,3:46,Pop,English,USA,2019,,,,x
90,Soda Stereo,,De Música Ligera,Bm,124,3:30,Rock,Spanish,Argentina,1990,,,,
91,Jason Mraz,,Make It Mine,Em,150,3:07,Pop,English,USA,2008,,,,x
92,Diego Torres,,Un Poquito,Gm,96,3:06,Latin Pop,Spanish,Argentina,2018,,,,
93,Luis Fonsi,Carlos Vives,Santa Marta,Bb,97,3:20,Latin Pop,Spanish,"Puerto Rico, Colombia",2020,,,,
94,Luis Fonsi,Jay Wheeler,San Juan,Ab,82,3:29,Latin Pop,Spanish,Puerto Rico,2020,,,,
95,Luis Fonsi,Laura Pausini,Roma,D,77,3:27,Latin Pop,Spanish,"Puerto Rico, Italy",2020,Aug chord,,,
96,Luis Fonsi,,Río,G,87,2:39,Latin Pop,Spanish,Puerto Rico,2020,,,,
97,Luis Fonsi,,Panamá (Pasa La Página),Am,100,2:50,Latin Pop,Spanish,Puerto Rico,2020,,,,
98,Luis Fonsi,,México,A,105,2:44,Latin Pop,Spanish,Puerto Rico,2020,,,,
99,Luis Fonsi,,Medellín,A,130,2:50,Latin Pop,Spanish,Puerto Rico,2020,,,,
100,Luis Fonsi,Omar Montes,Marbella,Gm,123,2:33,Latin Pop,Spanish,"Puerto Rico, Spain",2020,,,,
101,Luis Fonsi,,La Romana,C,130,2:35,Latin Pop,Spanish,Puerto Rico,2020,,,,
102,Luis Fonsi,,Buenos Aires,Am,92,2:55,Latin Pop,Spanish,Puerto Rico,2020,,,,
103,Luis Fonsi,,Andalucía,E,55,3:29,Latin Pop,Spanish,Puerto Rico,2020,,,,
104,Victor Muñoz,,Corazón Abierto,D,120,3:50,Latin Pop,Spanish,Venezuela,2017,,,,
105,Ricky Martin,,Lo Mejor de Mi Vida Eres Tú,Eb,129,3:36,Latin Pop,Spanish,Puerto Rico,2010,,,,
106,Reik,,Pero Te Conocí,G,122,3:06,Latin Pop,Spanish,Mexico,2020,,,,
107,Ricardo Arjona,,Desnuda,G,68,4:14,Latin Pop,Spanish,Guatemala,1998,,,,
108,Enrique Iglesias,,Heroe,G,76,4:23,"Pop, Latin",Spanish,Spain,2001,,,,
109,Ricky Martin,,Tiburones,C,94,3:14,Latin Pop,Spanish,Puerto Rico,2020,,,,
110,Son By Four,,A Puro Dolor,C,75,3:31,"Latin Pop, Ballad",Spanish,Puerto Rico,1999,,,,
111,Greeicy,Mike Bahía,Amantes,D,92,3:55,Latin Pop,Spanish,Colombia,2017,7ths party,,,
112,Aventura,,Obsesion,C#m,134,4:15,Bachata,Spanish,USA,2002,,,,
113,Marc Anthony,Jennifer Lopez,No Me Ames,C,83,4:38,Salsa,Spanish,"USA, Puerto Rico",1999,"7ths party, Key changes",,,
114,Marc Anthony,,Vivir Mi Vida,Eb,105,4:12,Salsa,Spanish,USA,2013,,,,
115,Marc Anthony,,Tu Amor Me Hace Bien,C,98,5:00,Salsa,Spanish,USA,2004,Long song,,,
116,Marc Anthony,,Flor Pálida,G,94,4:40,Salsa,Spanish,USA,2013,,,,
117,Tones and I,,Dance Monkey,F#m,98,3:29,Electropop,English,Australia,2019,,,,
118,A.Cinco,,Contigo Quiero Despertar,D,128,4:23,Latin Pop,Spanish,Venezuela,2016,Just Major,,,
119,Alex Cuba & Leonel García,,Solo Mía,A,88,4:12,Latin Pop,Spanish,"Cuba, Mexico",2020,,,,
120,Maná,Pablo Alborán,Rayando El Sol,G,61,4:17,"Latin Rock, Pop",Spanish,"Mexico, Spain",2019,,,,
121,Rawayana,,#Sádico,Fm,122,5:37,"Reggae, Latin",Spanish,Venezuela,2017,Long song,,,
122,Shesura,,A ver si me va a querer,B,126,3:30,Latin Pop,Spanish,Mexico,2021,,,,
123,Cultura Profética,,Ilegal,Bbm,117,4:22,Reggae,Spanish,Puerto Rico,2005,,,,
124,Sublime,,Santeria,E,91,3:02,"Ska Punk, Reggae Rock",English,USA,1996,,,,x
125,Monsieur Periné,,Bailar Contigo,C#m,101,3:29,"Latin Pop, Swing",Spanish,Colombia,2015,,,,
126,Jaci Velasquez,,Manantial De Caricias,Db,108,4:12,"Latin Pop, Christian",Spanish,USA,1999,,,,
127,Los Ilegales,,La Ladrona,Bb,99,3:09,Merengue,Spanish,Dominican Republic,1997,,,,
128,A.Cinco,,Todo Lo Que Siente Mi Corazon,G,88,3:21,Latin Pop,Spanish,Venezuela,2016,,,,
129,Bacilos,,Elena,B,158,3:17,"Latin Pop, Rock",Spanish,USA,2004,,,,
130,Michel Teló,,Ai Se Eu Te Pego,G#m,96,2:45,"Sertanejo, Pop",Portuguese,Brazil,2011,,,,
131,Pastrana & Chava Salazar,,Quererte,C,110,3:13,Latin Pop,Spanish,Mexico,2020,,,,
132,Los Rabanes,,No Hay Manera,D,130,3:36,Rock en Español,Spanish,Panama,2000,,,,
133,Son Dos,,Alejate,G,120,3:27,Latin Pop,Spanish,Venezuela,2001,,,,
134,Son Dos,,Hay una manera de estar juntos,Bb,100,3:07,Latin Pop,Spanish,Venezuela,2001,,,,
135,Son Dos,,Fiesta para dos,D,160,2:56,Latin Pop,Spanish,Venezuela,2001,,,,
136,Luis Fonsi,,Santiago,A,86,3:20,Latin Pop,Spanish,Puerto Rico,2017,Faves,,,
137,Barenaked Ladies,,The Big Bang Theory,G,161,0:20,"Theme Song, Pop Rock",English,USA,2007,,,,
138,Red Hot Chili Peppers,,Under The Bridge,E,85,4:24,Alternative Rock,English,USA,1992,,,,
139,Red Hot Chili Peppers,,Californication,Am,97,5:18,Alternative Rock,English,USA,1999,Long song,,,
140,Red Hot Chili Peppers,,Scar Tissue,Dm,89,3:34,Alternative Rock,English,USA,1999,,,,
141,Red Hot Chili Peppers,,Otherside,Am,124,4:12,Alternative Rock,English,USA,1999,,,,x
142,Dave Matthews Band,,Crush,C,94,4:27,"Rock, Jazz Fusion",English,USA,1998,,,,
143,Dave Matthews Band,,Ants Marching,D,113,4:27,Rock,English,USA,1994,,,,
144,Dave Matthews Band,,Crash Into Me,E,101,5:10,Rock,English,USA,1996,Long song,,,
145,Dave Matthews Band,,The Space Between,A,85,3:56,Rock,English,USA,2001,,,,
146,Dave Matthews Band,,Satellite,Ab,125,4:47,Rock,English,USA,1994,,,,
147,John Lennon,,Imagine,C,76,3:00,Rock,English,UK,1971,,,,x
148,Manu Pilas,,Bella Ciao (La Casa de Papel),Am,66,3:03,"Theme Song, Folk",Italian,Italy,2017,,,,
149,The Scrantones,,The Office,G,170,2:23,"Theme Song, Pop Rock",English,USA,2005,,,,
150,Ramin Djawadi,,Game of Thrones,Cm,85,1:46,"Theme Song, Orchestral",English,USA,2011,,,,
151,The Rembrandts,,'I'll Be There For You' (Friends),A,190,0:45,"Theme Song, Pop Rock",English,USA,1994,,,,
152,Andrea Aceituno Delgado,,Beauty And the Beast,F,77,2:35,"Soundtrack, Pop",English,USA,2024,,,,
153,Gilberto Santa Rosa,,Que Alguien Me Diga,Bb,94,4:49,Salsa,Spanish,Puerto Rico,1994,,,,
154,Alicia Keys,,Fallin,Em,96,3:01,"R&B, Soul",English,USA,2001,,,,x
155,Alicia Keys,,If I Ain't Got You,G,119,3:45,"R&B, Soul",English,USA,2003,Chord progressions ,,,x
156,Sara Bareilles,,Love Song,F,123,5:19,Pop,English,USA,2007,Long song,,,
157,Chino y Nacho,Daddy Yankee,Andas en mi cabeza,A,104,4:05,"Reggaeton, Latin Pop",Spanish,"Venezuela, Puerto Rico",2016,,,,
158,Kelly Clarkson,,Breakaway,C,80,3:55,Pop Rock,English,USA,2004,,,,
159,Lewis Capaldi,,Before You Go,Eb,112,3:30,"Pop, Rock",English,UK,2019,,,,
160,Olivia Rodrigo,,Traitor,Eb,100,3:46,Pop,English,USA,2021,,,,
161,Lifehouse,,You and Me,G,70,3:09,Alternative Rock,English,USA,2005,,,,
162,Aterciopelados,,Bolero Falaz,E,112,3:43,Rock en Español,Spanish,Colombia,1995,,,,
163,Carlos Vives,,Pa' Mayté,Bb,124,3:02,"Vallenato, Latin Pop",Spanish,Colombia,1993,,,,
164,"Mau y Ricky, Manuel Turizo, Camilo",,Desconocidos,Am,87,3:19,"Latin Pop, Reggaeton",Spanish,"Venezuela, Colombia",2018,,,,
165,Mark Ambor,,Belong Together,D,182,2:27,Pop,English,USA,2021,,,,
166,Michelle Chamuel,,Raise Your Glass,G,122,3:17,Pop,English,USA,2013,,,,x
167,The Beatles,,Hey Jude,F,74,7:01,Rock,English,UK,1968,Long song,,,x
168,Aerosmith,,Crazy,A,81,5:38,Rock,English,USA,1994,Long song,,,
169,Aerosmith,,Dream On,Fm,79,4:23,Rock,English,USA,1973,,,,x
170,Aerosmith,,I Don't Want to Miss a Thing,D,61,4:51,"Rock, Power Ballad",English,USA,1998,,,,x
171,Duina del Mar,,Soy Lo Que Soy,C,85,3:02,Latin Pop,Spanish,Colombia,2013,,,,
172,Victor Drija,,Mi Forma De Quererte,E,73,2:33,Latin Pop,Spanish,Venezuela,2014,,,,
173,Panacea Project,,La Hormiguita,A,56,3:20,Latin,Spanish,USA,2022,,,,
174,Jorge Luis Chacin,,Si usted la viera,Bb,95,5:04,Latin Pop,Spanish,Venezuela,2016,Long song,,,
175,Greeicy,,Los Besos,B,84,3:45,Latin Pop,Spanish,Colombia,2020,,,,
176,Kurt,,Contigo,B,79,2:45,Latin Pop,Spanish,Mexico,2019,,,,
177,Pablo Lacadiere,,Contigo Yo Estaré Bien,Ab,103,2:52,Latin Pop,Spanish,Argentina,2017,,,,
178,Joshua Bassett,,Anyone Else,B,110,3:16,Pop,English,USA,2020,,,,
179,Black Guayaba,Diana Fuentes,Te Quiero Tanto,D,130,3:35,"Latin Rock, Pop",Spanish,"Puerto Rico, Cuba",2020,Solid song,,,
180,Silvina Moreno,Agarrate Catalina,Esperanza,C,118,3:41,"Latin Pop, Folk",Spanish,"Argentina, Uruguay",2021,,,,
181,Periko & Jessi Leon,,Chichi,C#m,110,2:54,Latin Pop,Spanish,"Peru, USA",2021,,,,
182,Fran Sfeir,,Volver a Amarte,A,101,3:06,Latin Pop,Spanish,Chile,2020,,,,
183,Jandy Feliz,,Parte de ti,B,98,2:59,Bachata,Spanish,Dominican Republic,2020,,,,
184,Andrés Almeida,,Unas Por Otras,A,80,3:30,Latin Pop,Spanish,Mexico,2019,,,,
185,Benjamín Amadeo,,10 mil,G,92,3:59,Latin Pop,Spanish,Argentina,2020,,,,
186,El Canto del Loco,,Son Sueños,Ab,128,3:49,Pop Rock,Spanish,Spain,2003,,,,
187,El Canto del Loco,Amaia Montero,Puede ser,B,94,2:59,Pop Rock,Spanish,Spain,2004,,,,
188,Noel Schajris,,Quien Necesita Mirar,Ab,71,4:39,Latin Pop,Spanish,Argentina,2014,,,,
189,Noel Schajris,,Gracias Por Entrar,C,73,4:29,Latin Pop,Spanish,Argentina,2014,,,,
190,La Quinta Estación,,El Sol No Regresa,Eb,128,3:45,Latin Rock,Spanish,Spain,2004,,,,
191,"Tommy Torres, Izma",,Como Antes,Ab,86,3:52,Latin Pop,Spanish,Puerto Rico,2019,,,,
192,Rodolfo Bueso,,Re-inventarnos,G,81,3:03,Latin Pop,Spanish,Honduras,2020,,,,
193,Dayanara,,Adictivo,C,86,2:49,Latin Pop,Spanish,Ecuador,2020,,,,
194,Claudia Brant,,Quién Te Dijo Eso,G,72,4:07,Latin Pop,Spanish,Argentina,2008,,,,
195,Caibo,,No sé,G,60,4:24,Latin Pop,Spanish,Venezuela,2014,,,,
196,Caibo,,Mi recuerdo,G,140,4:13,Latin Pop,Spanish,Venezuela,2015,,,,
197,Victor Muñoz,,Pa' Decirte Que Te Quiero,C,105,3:04,Latin Pop,Spanish,Venezuela,2015,Cool intermission,,,
198,Caibo,,La Playa,F,130,2:58,Latin Pop,Spanish,Venezuela,2012,,,,
199,Ainoa Buitrago & Paula Mattheus,,Cuentas Pendientes,A,100,3:30,Pop,Spanish,Spain,2020,,,,
200,Bocatabú,,A Contraluz,D,155,3:47,Latin Rock,Spanish,Dominican Republic,2013,,,,
201,Ignacio Arocena,,Vaivén,A,97,3:16,Latin Pop,Spanish,Uruguay,2020,,,,
202,Victor Martin,,Tiene Que Volver,F#,110,3:33,Latin Pop,Spanish,Mexico,2020,,,,
203,La Isla Centeno,,Aquí,D,102,3:04,Indie Pop,Spanish,Mexico,2018,,,,
204,Lagarto Amarillo,,Dejarse la piel,E,154,3:08,Pop Rock,Spanish,Spain,2014,,,,
205,Techy Fatule,,Entregarte Todo,B,119,4:05,Latin Pop,Spanish,Dominican Republic,2017,,,,
206,C4 Trío,,Yo Sin Ti No Valgo Nada,G,130,3:41,Traditional Venezuelan,Spanish,Venezuela,2016,,,,
207,Juan Solo,,Extranjera,A,97,3:28,Latin Pop,Spanish,Mexico,2016,,,,
208,Christian Pagán,,Amigos Con Derecho,Bb,78,3:15,Latin Pop,Spanish,Puerto Rico,2018,,,,
209,Periko & Jessi Leon,,Purito y Verdadero,A,98,3:34,Latin Pop,Spanish,"Peru, USA",2020,,,,
210,Juan Miguel,,Como Tú,A,100,3:18,Latin Pop,Spanish,Venezuela,2017,,,,
211,Safree,Young Killer,Sin tu voz,G,107,3:29,"Latin Pop, Rap",Spanish,Spain,2019,,,,
212,Manel Navarro,,Candle,E,101,3:19,Pop,English,Spain,2020,,,,
213,Karen Luna,,Estoy Con El,Ab,101,3:29,Latin Pop,Spanish,Mexico,2019,,,,
214,Beatriz Luengo,Jesús Navarro,Más Que Suerte,Ab,80,3:22,"Pop, Latin",Spanish,"Spain, Mexico",2016,,,,
215,Max Pizzolante,,La Aspirina,A,138,4:26,Latin Pop,Spanish,Venezuela,2016,,,,
216,Rachel Platten,Diego Torres,Siempre Estaré Ahí,Ab,94,3:34,"Pop, Latin","Spanish, English","USA, Argentina",2017,,,,
217,Marcos Menchaca,,Cada Vez Más,Eb,90,3:00,Latin Pop,Spanish,Mexico,2019,,,,
218,Marqués,,Por Ti Seré,D,85,3:15,Pop,Spanish,Mexico,2018,,,,
219,Marqués,,Sé que volverás,Cm,85,3:15,Pop,Spanish,Mexico,2018,,,,
220,Marqués,,Eres Lo Que Quiero,A,100,3:33,Pop,Spanish,Mexico,2018,,,,
221,Consuelo Schuster,,Bachata Rosa,A,124,3:42,"Bachata, Latin Pop",Spanish,Chile,2020,,,,
222,Alex Begun,,Sólo Contigo,D,97,2:48,Latin Pop,Spanish,Argentina,2020,,,,
223,Julie Zorrilla,,Just a Wish,Ab,78,4:00,Pop,English,USA,2017,,,,
224,Ramon Mirabet,,Happy Days,Bb,125,5:07,Indie Pop,English,Spain,2016,Long song,,,
225,Rauw Alejandro,,Todo De Ti,D#m,128,3:19,"Reggaeton, Pop",Spanish,Puerto Rico,2021,,,,
226,"Dvicio, Reik, ChocQuibTown",,Dosis,E,108,3:35,Latin Pop,Spanish,"Spain, Mexico, Colombia",2019,,,,
227,Iskander,,Bésame Bonito,A,120,3:26,Latin Pop,Spanish,Mexico,2016,,,,
228,Carlos Baute,,Te regalo,F#,100,2:44,Latin Pop,Spanish,Venezuela,2011,,,,
229,Walk The Moon,,Shut Up and Dance With Me,Db,128,3:16,New Wave,English,USA,2014,,,,
230,Cultura Profética,,Rimas Pa' Seducir,B,62,3:05,Afrikaans Pop,Spanish,Puerto Rico,2019,,,,
231,Appel,,Tameletjie,C,106,3:35,Afrikaans Pop,Afrikaans,South Africa,2017,,,,
232,Charlize Berg,,Verspoel My,Ab,90,3:31,Pop,Afrikaans,South Africa,2018,,,,
233,"Christopher Esqueda, Diego Castro",,De Viaje,Bb,97,3:56,"Indie Pop, Folk",Spanish,Mexico,2015,,,,
234,Xoel López,,La Espina de la Flor en Tu Costado,Db,133,3:12,Latin Pop,Spanish,Spain,2017,,,,
235,Juan Fernando Velasco,,Chao Lola,C#m,61,3:48,Latin Pop,Spanish,Ecuador,2013,,,,
236,Edgar Oceransky,,Juro,Ab,105,3:19,Latin Pop,Spanish,Mexico,2020,,,,
237,"Beéle, Kany García",,Me Arriesgo Contigo,D,128,2:41,Indie Folk,Spanish,"Colombia, Puerto Rico",2016,,,,
238,We The Lion,,Spirits,A,118,3:27,Folk,English,Peru,2006,,,,
239,Simón Díaz,Jeremías,¿Qué vale más?,Em,125,3:32,Rock,Spanish,Venezuela,1975,,,,
240,Queen,,Bohemian Rhapsody,Bb,71,5:50,Rock,English,UK,1978,Long song,,,x
241,Queen,,Don’t Stop Me Now,F,157,3:24,Rock,English,UK,1977,,,,x
242,Queen,,We Are The Champions,F,63,2:58,Rock,English,UK,1977,,,,
243,"Manuel Carrasco, Camilo",,Salitre,E,94,3:35,Pop,Spanish,"Colombia, Spain",2000,,,,
244,Backstreet Boys,,Shape Of My Heart,D,96,3:48,Pop,English,USA,1999,,,,
245,Backstreet Boys,,No One Else Comes Close,C,113,3:41,Folk,English,USA,2001,,,,
246,Fernando Delgadillo,,A la Pirámide del Sol,E,71,5:57,Pop,Spanish,Mexico,2008,Long song,,,
247,Britney Spears,,Circus,F#m,115,3:08,Rock,English,USA,2008,,,,
248,Journey,,Don't Stop Believin',E,120,4:05,"Pop, Hip-Hop",English,"Canada, USA",2013,,,,x
249,Justin Bieber,Chance The Rapper,Confident,Fm,67,4:05,"Pop, Indie Folk",English,USA,2020,,,,
250,Taylor Swift,,Cardigan,Eb,65,3:55,"Pop, R&B",English,USA,2021,,,,
251,Lay Bankz,,Tell Ur Girlfriend,Dm,135,2:01,Folk Pop,English,USA,2022,,,,
252,Noah Kahan,,Stick Season,A,117,2:58,"R&B, Soul",English,USA,2017,,,,
253,SZA,,Saturn (Live),Db,89,3:00,"R&B, Soul",English,USA,2020,,,,
254,Shakira,,Nassau,D,108,2:32,"Latin Pop, Dance",Spanish,Colombia,2020,,,,
255,Shakira,,Última,C,76,2:55,"Latin Pop, Dance",Spanish,Colombia,2020,,,,
256,Shakira,,Cómo Dónde y Cuándo,Ab,82,2:55,Latin Pop,Spanish,Colombia,2020,,,,
257,Camilo,,Autodiagnóstico,G,97,3:06,"Classical, Pop Opera",Spanish,Colombia,2024,,,,
258,Andrea Bocelli,,Por Ti Volaré,G,102,4:08,Latin Pop,Spanish,Italy,2006,,,,
259,Reik,,Te fuiste de aquí,Db,70,3:42,Latin Pop,Spanish,Mexico,2011,,,,
260,Reik,,Llegó Tu Amor,E,87,3:33,Latin Pop,Spanish,Mexico,2008,,,,
261,Reik,,Me Duele Amarte,Db,74,3:10,Latin Pop,Spanish,Mexico,2006,,,,
262,Reik,,No Sé Si Es Amor,G,115,3:06,Latin Pop,Spanish,Mexico,2005,Chord progressions,,,
263,Reik,,Niña,Am,100,2:50,Latin Pop,Spanish,Mexico,2005,,,,
264,Reik,,Noviembre Sin Ti,C,67,3:20,Latin Pop,Spanish,Mexico,2008,,,,
265,Reik,,Vuelve,G,84,3:15,Latin Pop,Spanish,Mexico,2005,Chord progressions,,,
266,Reik,,Que Vida La Mia,A,98,2:50,Latin Pop,Spanish,Mexico,2009,,,,
267,Reik,,Cuando Estás Conmigo,C,108,3:08,"Latin Pop, Rock",Spanish,Colombia,2005,,,,
268,Los de Adentro,,Una Cancion,B,135,5:16,Bachata,Spanish,Colombia,2018,Long song,,,
269,Toño Navarrete,,Dame Un Besito,F,93,3:22,Hip-Hop,Spanish,Mexico,2020,,,,
270,Allen CM,,Union Eterna,Ab,130,3:46,Pop,Spanish,Peru,2018,,,,
271,Céline Dion,,That's The Way It Is,E,93,3:57,Pop,English,Canada,1999,,,,
272,Rocio Dúrcal,,Como han pasado los años,F,90,3:29,"Ranchera, Bolero",Spanish,"Spain, Mexico",1995,,,,
273,Gonza Silva,,Azabache,G,95,3:06,"Latin Pop, Indie",Spanish,Ecuador,2020,,,,
274,Luz Pinos,,Marina,F,95,3:14,Latin Pop,Spanish,Mexico,2020,,,,
275,Eroz & Febo,Caztro,Lo Que Nunca Soñé,Bbm,110,2:38,Latin Pop,Spanish,"Venezuela, Spain",2008,,,,
276,Carlos Baute,Marta Sánchez,Colgando en Tus Manos,F#,120,3:48,Rock,Spanish,Venezuela,2002,,,,
277,Caramelos de Cianuro,,Veronica,G,175,4:12,Rock,Spanish,Venezuela,1996,,,,
278,Caramelos de Cianuro,,Sanitarios,G,168,3:33,Latin Pop,Spanish,Mexico,2020,,,,
279,Jesse & Joy,,Mi sol,D,78,3:26,"Latin Pop, Ranchera",Spanish,Mexico,2006,,,,
280,Ana Gabriel,,Quien como tú,Ab,70,3:27,"Latin Pop, Ballad",Spanish,Mexico,1989,,,,
281,Café Tacvba,,Como Te Extraño Mi Amor,E,125,3:34,Latin Rock,Spanish,Mexico,2005,,,,
282,Victor Muñoz,Nacho,Mi Felicidad,F#,121,4:15,Latin Pop,Spanish,Venezuela,2014,,,,
283,Noel Schajris,,Momentos,F#,128,4:39,Latin Pop,Spanish,Argentina,2016,,,,
284,Luis Fonsi,,El Tren,D,98,3:26,Latin Pop,Spanish,Puerto Rico,2002,,,,
285,Ricardo Arjona,,Duele Verte,G,95,4:39,"Latin Pop, Ballad",Spanish,Guatemala,2008,,,,
286,Ricardo Arjona,,Viaje,G,95,3:54,Latin Pop,Spanish,Guatemala,2014,,,,
287,Carlos Vives,,La Maravilla,G,112,3:35,"Vallenato, Latin Pop",Spanish,Colombia,2015,,,,
288,Mane de la Parra,,Como soy,G,104,3:00,Latin Pop,Spanish,Mexico,2017,,,,
289,Ricardo Arjona,,Señora de Las Cuatro Decadas,C,67,4:57,Latin Pop,Spanish,Guatemala,1993,,,,
290,Ricardo Arjona,,Si el Norte Fuera el Sur,A,85,4:49,"Latin Pop, Ballad",Spanish,Guatemala,1996,,,,
291,Ricardo Arjona,,Cuando,G,65,4:17,Latin Pop,Spanish,Guatemala,2007,,,,
292,Ricardo Arjona,,El Problema,Am,100,4:04,"Latin Pop, Ballad",Spanish,Guatemala,2002,,,,
293,Ricardo Arjona,,Minutos,B,100,4:05,Latin Pop,Spanish,Guatemala,2002,,,,
294,Xuxa,,Ilarie,Db,143,5:01,Kids Music,Spanish,Brazil,1988,Long song,,,
295,"Camilo, Evaluna Montaner",,PLIS,Db,85,3:40,Latin Pop,Spanish,Colombia,2021,,,,
296,The Singing Walrus,,Good Morning Song for Kids,A,128,2:25,Children's Music,English,Canada,2014,,,,
297,Des'ree,,You Gotta Be,C,94,4:02,"Pop, R&B",English,UK,1994,,,,
298,Aterciopelados,,Baracunatana,Em,90,2:35,"Rock, Latin Alternative",Spanish,Colombia,1995,,,,
299,Huáscar Barradas,,Rumba en Madrid,F,107,4:06,Latin Jazz,Spanish,Venezuela,2015,,,,
300,Beyoncé,,Texas Hold 'Em,D,110,3:53,"Pop, R&B",English,USA,2013,,,,x
301,Late Nights,,Crush Company,Dm,100,2:38,Indie Pop,English,USA,2020,,,,
302,Lewis Capaldi,,Strangers,E,61,3:32,"Pop, Ballad",English,UK,2021,,,,
303,Imagine Dragons,,Thunder,C,84,3:03,Rock,English,USA,2017,,,,
304,"Imagine Dragons, JID",,Enemy,Bm,77,2:49,"Rock, Hip-Hop",English,USA,2021,,,,
305,Imagine Dragons,,Believer,Bbm,63,3:21,Rock,English,USA,2017,,,,
306,Imagine Dragons,,Radioactive,Bm,68,3:04,Rock,English,USA,2012,,,,x
307,Imagine Dragons,,Demons,Eb,90,2:53,Rock,English,USA,2013,,,,x
308,Joaquina,,Rabia,Eb,108,3:34,"Pop, Indie",Spanish,Spain,2020,,,,
309,Joaquina,,Los Mejores Años,D,138,3:18,"Pop, Indie",Spanish,Spain,2018,,,,
310,"Christina Aguilera, Lil' Kim, Mya, Pink",,Lady Marmalade,Gm,110,4:31,"Pop, R&B, Hip-Hop",English,USA,2001,,,,x
311,Nena,,99 Luftballons,E,97,3:47,"New Wave, Pop",German,Germany,1983,,,,
312,Die Prinzen,,Millionär,G,106,2:35,"Pop, Rock",German,Germany,1991,,,,
313,Die Ärzte,,Männer sind Schweine,G,64,4:15,Punk Rock,German,Germany,1998,,,,
314,Niall Horan,,This Town,A,112,4:00,Pop,English,Ireland,2016,,,,
315,Jonas Brothers,,What A Man Gotta Do,E,113,2:54,"Pop, Rock",English,USA,2020,,,,x
316,Danny Ocean,,Swing,Eb,107,2:32,Latin Pop,Spanish,Venezuela,2020,,,,
317,Eros Ramazzotti,Tina Turner,Cosas De La Vida,A,90,4:44,Pop Rock,"Italian, English",Italy,1997,,,,
318,Eros Ramazzotti,,La Cosa Mas Bella,Eb,110,4:23,Pop,Italian,Italy,1996,,,,
319,Eros Ramazzotti,,Fuego En El Fuego,F#m,127,3:59,Pop,Italian,Italy,2000,,,,
320,Jorge Drexler,,Todo se transforma,A,100,3:34,"Latin Pop, Folk",Spanish,Uruguay,2004,,,,
321,Georgina,,Supermujer,F,90,3:44,"Pop, Latin",Spanish,"Venezuela, Spain",2009,,,,
322,Pink,,Just Give Me a Reason,G,95,4:01,Pop,English,USA,2012,,,,x
323,MV Caldera,,Te Daré,G,110,3:16,Latin Pop,Spanish,Venezuela,2018,,,,
324,Alejandra Guzmán,,Volverte a Amar,Db,59,3:36,"Rock, Pop",Spanish,Mexico,2006,Chord progressions,,,
325,Ronan Keating,,When You Say Nothing At All,G,87,4:11,Pop,English,Ireland,1999,,,,x
326,Voz Veis,,Te Eseño A Aterrizar,G,73,4:02,Latin Pop,Spanish,Venezuela,2007,,,,
327,Voz Veis,,Quiero ir,C,99,3:24,Latin Pop,Spanish,Venezuela,2009,,,,
328,Voz Veis,,Jamás Se Dice Adios,E,90,3:19,Latin Pop,Spanish,Venezuela,2008,,,,
329,Voz Veis,,Bailamos,A,80,3:08,Latin Pop,Spanish,Venezuela,2005,Chord progressions,,,
330,Voz Veis,,Marta,F#,120,3:32,Latin Pop,Spanish,Venezuela,2005,Faves,,,
331,Voz Veis,,Que Me Has Hecho Tú,G,150,2:43,Latin Pop,Spanish,Venezuela,2007,,,,
332,"Wisin, Carlos Vives",Daddy Yankee,Nota De Amor,Bb,98,3:51,"Reggaeton, Latin Pop",Spanish,"Puerto Rico, Colombia",2015,,,,
333,"Elena Rose, Danny Ocean, Jerri Di",,Caracas en el 2000,D,118,3:46,Latin Pop,Spanish,Venezuela,2020,,,,
334,"Leo Rizzi, Danny Ocean",,Amapolas Remix,G,124,4:32,Latin Pop,Spanish,"Spain, Venezuela",2021,,,,
335,Diego Dibos,,Si Tú Te Vas,D,115,3:43,"Latin Pop, Rock",Spanish,Peru,2016,,,,
336,Luciano Pereyra,,Si No Es Muy Tarde,G,73,4:05,"Latin Pop, Folk",Spanish,Argentina,2018,,,,
337,Il Volo,,O Sole Mio,G,126,3:32,"Classical, Opera",Italian,Italy,2010,,,,
338,OneRepublic,Timbaland,Apologize,Cm,59,3:03,"Pop, Rock",English,USA,2007,,,,x
339,One Direction,,Story of my life,Eb,121,4:01,Pop,English,UK,2013,,,,x
340,Chayanne,,Tiempo De Vals,F#,83,4:04,"Latin Pop, Ballad",Spanish,Puerto Rico,1990,,,,
341,Noah Kahan,,"Everywhere, Everything",B,60,4:11,Indie Folk,English,USA,2022,,,,
342,Whitney Houston,,I Will Always Love You,A,66,4:28,"Pop, Soul",English,USA,1992,,,,x
343,Christina Perri,,A Thousand Years,Bb,70,4:44,"Pop, Ballad",English,USA,2011,,,,
344,Eric Clapton,,Tears In Heaven,A,79,4:36,"Rock, Blues",English,UK,1992,,,,
345,Boyce Avenue,,Beautiful Soul,A,89,4:00,"Pop, Acoustic",English,USA,2010,,,,x
346,Michael Bublé,,It's A Beautiful Day,Db,144,3:16,"Pop, Jazz",English,Canada,2013,,,,x
347,Pharrell Williams,,Happy,Fm,160,3:50,"Pop, R&B",English,USA,2013,,,,x
348,Charlie Puth,Meghan Trainor,Marvin Gaye,E,110,3:06,Pop,English,USA,2015,,,,x
349,Christina Perri,,Jar of Hearts,Eb,75,4:03,Pop,English,USA,2010,,,,
350,Carlos Vives,,No Te Vayas,F,96,3:43,"Vallenato, Latin Pop",Spanish,Colombia,2020,,,,
351,Charlie Puth,,We Don't Talk Anymore (feat. Selena Gomez),C#m,100,3:34,Pop,English,USA,2016,,,,x
352,Carlos Vives,Alejandro Sanz,For Sale,D,100,3:52,Latin Pop,Spanish,"Colombia, Spain",2020,,,,
353,Carlos Vives,,Cumbiana,Bb,98,3:56,"Vallenato, Latin Pop",Spanish,Colombia,2020,,,,
354,Charlie Puth,,How Long,C#m,110,3:15,Pop,English,USA,2017,,,,
355,Charlie Puth,,Attention,D#m,100,3:25,Pop,English,USA,2017,,,,
356,A Great Big World,Christina Aguilera,Say Something,D,94,3:43,Pop,English,USA,2013,,,,x
357,Carlos Vives,Ricky Martin,Canción Bonita,Am,92,2:48,Latin Pop,Spanish,"Colombia, Puerto Rico",2021,,,,
358,Sam Smith,,Stay With Me,C,85,2:51,"Pop, Soul",English,UK,2014,,,,x
359,The Chicks,,Julianna Calm Down,F#,120,4:41,Country,English,USA,2020,,,,
360,The Chicks,,Gaslighter,D,131,3:18,Country,English,USA,2020,,,,
361,The Chicks,,Sleep at night,C,98,3:10,Country,English,USA,2020,,,,
362,The Chicks,,Tights on my boat,F#m,86,2:58,Country,English,USA,2020,,,,
363,"Carlos Vives, Shakira",,La Bicicleta,Am,90,3:44,"Vallenato, Latin Pop",Spanish,Colombia,2016,,,,
364,Timø,,Juernes,D,110,2:39,Latin Pop,Spanish,Colombia,2021,,,,
365,Taylor Swift,,22,G,104,3:46,Pop,English,USA,2012,,,,x
366,Taylor Swift,,Shake It Off,G,160,3:35,Pop,English,USA,2014,,,,
367,Taylor Swift,,Lover,G,69,3:37,Pop,English,USA,2019,,,,x
368,Kyr4,,Cantándote al Oído,Em,100,2:44,Latin Pop,Spanish,Venezuela,2020,,,,
369,Jerry Rivera,,La Oportunidad,Ab,123,4:40,Salsa,Spanish,Puerto Rico,2001,,,,
370,Nuno Bettencourt,,If only,Db,120,4:00,Rock,English,USA,1999,,,,
371,Shakira,,Las De La Intuición,Dm,130,3:35,Latin Pop,Spanish,Colombia,2005,,,,
372,Marqués,Mabe,Sin Que Lo Sepas,F#,90,3:40,Latin Pop,Spanish,Mexico,2020,,,,
373,Dvicio,,Qué Mas Puedo Pedir,G,92,3:27,Latin Pop,Spanish,Spain,2019,,,,
374,Pamel,Pavel Nuñez,Tiene Que Ver Contigo,G,80,3:01,Latin Pop,Spanish,Dominican Republic,2017,,,,
375,Camilo,,Déjame quererte hoy,B,60,3:37,Latin Pop,Spanish,Colombia,2021,,,,
376,Ilan Chester,,Canto al Avila,A,109,2:46,Latin Pop,Spanish,Venezuela,1998,,,,
377,Ilan Chester,,Para mi nomás,C,147,4:00,Latin Pop,Spanish,Venezuela,2000,,,,
378,Taylor Swift,,The Man,C,110,3:15,Pop,English,USA,2019,,,,x
379,Ricardo Arjona,,Ella y él,F#,129,5:50,Latin Pop,Spanish,Guatemala,2000,Long song,,,
380,Ed Sheeran,Justin Bieber,I Don't Care,F#,76,3:36,Pop,English,"UK, Canada",2019,,,,x
381,Dani Ilabel,,Pegadito a Mi Piel,A,105,3:07,Latin Pop,Spanish,Dominican Republic,2021,,,,
382,Yoly Saa,,Todo contigo,B,110,3:13,Pop,Spanish,Spain,2021,,,,
383,Negros,,En Un Solo Dia,A,140,3:04,Latin Pop,Spanish,Argentina,2015,,,,
384,The Script,,Breakeven,Bb,94,4:15,Pop Rock,English,Ireland,2008,,,,
385,Servando y Florentino,,Paso a Paso,A,80,4:22,Latin Pop,Spanish,Venezuela,2017,,,,
386,James Arthur,,Say You Won't Let Go,Bb,95,3:26,Pop,English,UK,2016,,,,
387,Jafú,,Te Espero,A,102,3:22,Latin Pop,Spanish,Argentina,2021,,,,
388,Mariah Carey,,Always Be My Baby,E,79,4:12,"Pop, R&B",English,USA,1995,,,,x
389,Don Omar,,Danza Kuduro,Am,130,3:16,Reggaeton,Spanish,Puerto Rico,2010,,,,
390,Hamilton,,You'll Be Back,G,121,3:26,Musical,English,USA,2015,,,,x
391,Bacanos,,Sin Querer,A,116,3:35,Latin Pop,Spanish,Colombia,2016,,,,
392,Shakira,,Un poco de amor,B,101,3:53,"Latin Pop, Rock",Spanish,Colombia,1996,,,,
393,Shakira,,Antologia,C,98,4:09,"Latin Pop, Rock",Spanish,Colombia,1995,,,,
394,Shakira,,No Creo (Unplugged),D,137,3:47,"Latin Pop, Rock",Spanish,Colombia,1999,,,,
395,Shakira,,Estoy Aquí,D,117,3:47,"Latin Pop, Rock",Spanish,Colombia,1996,,,,
396,Shakira,,No Creo,D,124,4:05,"Latin Pop, Rock",Spanish,Colombia,1998,,,,
397,Shakira,,Si Te Vas,Em,108,3:29,"Latin Pop, Rock",Spanish,Colombia,1998,,,,
398,Shakira,,"Se Quiere, Se Mata",A,118,3:36,"Latin Pop, Rock",Spanish,Colombia,1996,,,,
399,Shakira,,"Ciega, Sordomuda",Db,120,4:21,"Latin Pop, Rock",Spanish,Colombia,1998,,,,
400,Shakira,,Inevitable,F#,92,3:11,"Latin Pop, Rock",Spanish,Colombia,1998,,,,
401,Thalia,,Entre El Mar Y Una Estrella,D,88,3:41,Latin Pop,Spanish,Mexico,2000,,,,
402,Kalimba,,Tocando Fondo,Db,66,4:03,Latin Pop,Spanish,Mexico,2006,,,,
403,Gian Marco,,Hoy,Ab,98,4:30,Latin Pop,Spanish,Peru,2011,,,,
404,Julieta Venegas,,Primer Día,D,98,3:52,Latin Pop,Spanish,Mexico,2006,,,,
405,Kalimba,,Sólo Déjate Amar,A,76,3:37,Latin Pop,Spanish,Mexico,2004,,,,
406,Kalimba,,Duele,A,64,3:48,Latin Pop,Spanish,Mexico,2008,,,,
407,Nsync,,Merry Christmas,F,105,4:10,Pop,English,USA,1998,,,,x
408,Kalimba,,No Puedo Dejarte de Amar,G,80,5:13,Latin Pop,Spanish,Mexico,2004,Long song,,,
409,Chichi Peralta,,Amor narcotico,Eb,112,5:12,"Merengue, Latin Pop",Spanish,Dominican Republic,1997,Long song,,,
410,Mauricio y Palo de Agua,,Dame tu amor,E,110,3:44,Latin Pop,Spanish,Colombia,2006,,,,
411,Chichi Peralta,,Procura,Ab,102,4:28,"Merengue, Latin Pop",Spanish,Dominican Republic,1997,,,,
412,Olga Tañon,,Como Olvidar,Bb,130,4:38,Merengue,Spanish,Puerto Rico,1998,,,,
413,Leon Leiden,,Desamor Feliz,Db,135,2:39,Latin Pop,Spanish,Mexico,2021,,,,
414,Rawayana,,Feriado,Bb,117,2:44,"Reggae, Latin",Spanish,Venezuela,2013,,,,
415,Rawayana,,High,Fm,104,4:44,"Reggae, Latin",Spanish,Venezuela,2014,,,,
416,Rawayana,,Dame un break,Bbm,115,3:22,"Reggae, Latin",Spanish,Venezuela,2017,,,,
417,Anakena,,Carita Triste,D#m,128,3:17,Latin Pop,Spanish,Venezuela,2018,,,,
418,Anakena,,Pantera,C#m,97,3:21,Latin Pop,Spanish,Venezuela,2021,,,,
419,Santeria,,Sublime,E,91,3:02,"Ska Punk, Reggae Rock",English,USA,1996,,,,x
420,Anakena,Ale Jiménez,Ojitos Café,F#,115,3:22,Latin Pop,Spanish,Venezuela,2020,,,,
421,"Flor De Toloache, Cultura Profética & John Legend",,Quisiera,Gm,162,3:50,"Latin Pop, Mariachi","Spanish, English","USA, Puerto Rico",2019,,,,
422,Anakena,,Guayaba,A,125,3:26,Latin Pop,Spanish,Venezuela,2021,,,,
423,Jason Mraz,,I Won't Give Up,E,68,3:58,"Pop, Folk",English,USA,2012,,,,x
424,Zak Abel,,Be Kind,Bb,121,2:59,"Pop, R&B",English,UK,2021,,,,
425,Jonas Brothers,,Five More Minutes,E,94,2:27,Pop,English,USA,2020,,,,x
426,Marco Mares,,Me despido,C,117,3:47,Latin Pop,Spanish,Mexico,2021,,,,
427,Deftones,,Phantom Bride,Bm,75,4:53,Alternative Metal,English,USA,2016,,,,
428,Guaco,,Eres Mas,C,94,4:09,"Salsa, Latin Pop",Spanish,Venezuela,2017,,,,
429,Guaco,,Lo Eres Todo,D,95,4:30,"Salsa, Latin Pop",Spanish,Venezuela,2014,,,,
430,Guaco,,Todo quedo quedo,Ab,100,3:43,"Salsa, Latin Pop",Spanish,Venezuela,2015,,,,
431,Guaco,,Pideme,C,104,3:47,"Salsa, Latin Pop",Spanish,Venezuela,2016,,,,
432,Guaco,,Sentimiento Nacional,Gm,125,4:02,"Salsa, Latin Pop",Spanish,Venezuela,2017,,,,
433,Guaco,,Tu Aire,D#m,82,3:25,"Salsa, Latin Pop",Spanish,Venezuela,2015,,,,
434,Guaco,,Vivo,A,110,3:24,"Salsa, Latin Pop",Spanish,Venezuela,2017,,,,
435,Guaco,,Como es tan Bella,Eb,105,3:27,"Salsa, Latin Pop",Spanish,Venezuela,2016,,,,
436,Guaco,,Lagrimas no mas,G#m,98,3:21,"Salsa, Latin Pop",Spanish,Venezuela,2017,,,,
437,Guaco,,Me muero de ganas,A,95,3:39,"Salsa, Latin Pop",Spanish,Venezuela,2015,,,,
438,Rene y Renny,,Quiero Volver,Am,121,3:29,Latin Pop,Spanish,Venezuela,2017,,,,
439,Rene y Renny,,Quiero Ser,Db,101,3:55,Latin Pop,Spanish,Venezuela,2018,,,,
440,Rene y Renny,,Por Amarte,C,107,3:28,Latin Pop,Spanish,Venezuela,2018,,,,
441,Rene y Renny,,Vivir Sin Ti,Db,140,3:29,Latin Pop,Spanish,Venezuela,2018,,,,
442,Rene y Renny,,Soy,C,86,3:12,Latin Pop,Spanish,Venezuela,2017,,,,
443,Rene y Renny,,Deshojo la margarita,Db,80,3:40,Latin Pop,Spanish,Venezuela,2018,,,,
444,Rene y Renny,,Vuelve a Mi,B,75,3:00,Latin Pop,Spanish,Venezuela,2018,,,,
445,Rene y Renny,,Piensa en Mi,G,65,3:26,Latin Pop,Spanish,Venezuela,2018,,,,
446,Surá,,Hasta Entonces,G,80,2:56,Latin Pop,Spanish,Venezuela,2012,,,,
447,Surá,,Cuando Te Conocí,A,86,2:54,Latin Pop,Spanish,Venezuela,2012,,,,
448,Surá,,Mi Corazón,C,115,3:12,Latin Pop,Spanish,Venezuela,2012,,,,
449,Surá,,Que Mas Da,E,83,3:54,Latin Pop,Spanish,Venezuela,2012,,,,
450,Surá,,Si Me Atrevo,G,122,3:55,Latin Pop,Spanish,Venezuela,2012,,,,
451,Surá,,Juntos Tú y Yo,G,132,3:39,Latin Pop,Spanish,Venezuela,2012,,,,
452,Surá,,Solo Te Pido,E,74,4:16,Latin Pop,Spanish,Venezuela,2012,,,,
453,Surá,,Si No Estás,Ab,105,3:13,Latin Pop,Spanish,Venezuela,2012,,,,
454,Surá,,Te Tengo,C,95,3:52,Latin Pop,Spanish,Venezuela,2012,,,,
455,Surá,,Quiero Estar Contigo,C#m,115,3:25,Latin Pop,Spanish,Venezuela,2012,,,,
456,Surá,,Entre Sabanas,Am,110,3:00,Latin Pop,Spanish,Venezuela,2012,,,,
457,Bebe,,Men señará,G,116,3:33,Latin Pop,Spanish,Spain,2004,,,,
458,Bacilos,,Mi primer millon,F,103,4:57,"Latin Pop, Rock",Spanish,USA,2002,,,,
459,Bacilos,,Tabaco y Chanel,G,97,5:12,"Latin Pop, Rock",Spanish,USA,2000,Long song,,,
460,Bacilos,,Perderme Contigo,C,104,4:04,"Latin Pop, Rock",Spanish,USA,2002,,,,
461,Bacilos,,Cuestión de Madera,C,97,5:01,"Latin Pop, Rock",Spanish,USA,2004,Long song,,,
462,Lukas Graham,,Love someone,C,86,3:22,Pop,English,Denmark,2018,,,,
463,Bacilos,,Pasos de gigante,B,172,3:52,"Latin Pop, Rock",Spanish,USA,2005,,,,
464,Luis Fonsi,,Sola,F#m,96,3:20,Latin Pop,Spanish,Puerto Rico,2008,,,,
465,Juanes,Fonseca,Alguna Vez,Ab,91,2:54,Latin Pop,Spanish,Colombia,2014,,,,
466,Jeremías,,Dime,A,79,2:38,Latin Pop,Spanish,Venezuela,2003,,,,
467,Jeremías,,Demonios,Bb,79,3:05,Latin Pop,Spanish,Venezuela,2007,,,,
468,Juan Luis Guerra,,Visa para un sueño,Bb,136,3:25,"Bachata, Merengue",Spanish,Dominican Republic,1990,,,,
469,Jeremías,,Ahora,Am,92,3:29,Latin Pop,Spanish,Venezuela,2006,,,,
470,Juan Luis Guerra,,Como Abeja Al Panal,E,142,4:20,Bachata,Spanish,Dominican Republic,1990,,,,
471,Juan Luis Guerra,,Estrellitas y Duendes,D,122,4:22,"Bachata, Merengue",Spanish,Dominican Republic,1990,,,,
472,Juan Luis Guerra,,Burbujas De Amor,C,125,4:07,"Bachata, Merengue",Spanish,Dominican Republic,1990,,,,
473,Juan Luis Guerra,,El Niágara En Bicicleta,Bb,125,4:34,Merengue,Spanish,Dominican Republic,1998,,,,
474,Jeremías,,Hay Un Amor Afuera,F,130,3:19,Latin Pop,Spanish,Venezuela,2003,,,,
475,Jeremías,,Como Quieres Que Te Diga,A,65,4:24,Latin Pop,Spanish,Venezuela,2003,"Aug chord, Chord progressions",,,
476,Jeremías,,Tu En Mi,B,70,3:38,Latin Pop,Spanish,Venezuela,2006,,,,
477,Jeremías,,Lo Que Yo Quiero,G,90,3:52,Latin Pop,Spanish,Venezuela,2003,,,,
478,Jeremías,,Comienzo Del Final,D,75,3:47,Latin Pop,Spanish,Venezuela,2007,,,,
479,Jeremías,,Desde el Bar,Am,79,4:14,Latin Pop,Spanish,Venezuela,2007,,,,
480,Jeremías,,Tu,G,82,3:45,Latin Pop,Spanish,Venezuela,2006,,,,
481,Jeremías,,La Cita,Dm,87,3:46,Latin Pop,Spanish,Venezuela,2003,,,,
482,Jeremías,,Poco A Poco,C,98,4:18,Latin Pop,Spanish,Venezuela,2003,,,,
483,Wicked,,Popular,F,89,3:41,Musical Theatre,English,USA,2003,,,,x
484,Juan Luis Guerra,,Bachata Rosa,G,117,4:13,Bachata,Spanish,Dominican Republic,1990,,,,
485,Wicked,,For Good,Db,71,5:02,Musical Theatre,English,USA,2003,Long song,,,
486,Adele,,Rolling In The Deep,Cm,105,3:45,"Pop, Soul",English,UK,2010,,,,
487,Wicked,,Defying Gravity,Db,78,5:50,Musical Theatre,English,USA,2003,Long song,,,
488,David Guetta,Usher,Without You,D,128,4:00,"EDM, Pop",English,"France, USA",2011,,,,
489,Adele,,Hello,Fm,79,4:50,"Pop, Soul",English,UK,2015,,,,x
490,Alex Cuba y Silvana Estrada,,Dividido,F,148,3:30,Latin Pop,Spanish,"Cuba, Mexico",2019,,,,
491,Lasso,,Elefantes En La Barriga,F#m,80,2:56,Latin Pop,Spanish,Venezuela,2019,,,,
492,Sebastián Yatra,"Rosario, Jorge Celedón",Dharma,Bb,154,3:11,Latin Pop,Spanish,Colombia,2022,,,,
493,Parachute,,She Is Love,F#,68,2:23,Pop Rock,English,USA,2009,,,,x
494,Luis Fonsi,,Amor Secreto,Db,82,3:30,Latin Pop,Spanish,Puerto Rico,2008,,,,
495,Miranda Lambert,,Over You,F#,79,4:12,Country,English,USA,2012,,,,x
496,Céline Dion,,It's All Coming Back to Me Now,C,86,7:31,"Pop, Rock",English,Canada,1996,Long song,,,x
497,Cabas,,Bonita,A,108,3:55,"Latin Pop, Rock",Spanish,Colombia,2005,,,,
498,Reik,,Fui,Eb,85,2:53,Latin Pop,Spanish,Mexico,2016,,,,
499,Victor Muñoz,,A Escondidas,C,75,3:50,Latin Pop,Spanish,Venezuela,2014,,,,
500,Victor Muñoz,,Minutos,G,108,3:25,Latin Pop,Spanish,Venezuela,2016,,,,
501,Sin Bandera,,Te vi venir,E,68,3:11,Latin Pop,Spanish,"Argentina, Mexico",2002,,,,
502,"Sin Bandera, Franco de Vita",,Si La Ves,C,116,4:05,Latin Pop,Spanish,"Argentina, Mexico, Venezuela",2004,,,,
503,Sin Bandera,,Amor Real,Bb,112,4:00,Latin Pop,Spanish,"Argentina, Mexico",2003,Tricky change,,,
504,Sin Bandera,,Que Me Alcance La Vida,F#,61,3:36,Latin Pop,Spanish,"Argentina, Mexico",2005,"Chord progressions, 7ths party",,,
505,Sin Bandera,,Kilómetros,A,65,3:39,Latin Pop,Spanish,"Argentina, Mexico",2003,,,,
506,Sin Bandera,,Que Lloro,A,70,3:58,Latin Pop,Spanish,"Argentina, Mexico",2004,,,,
507,Sin Bandera,,Entra En Mi Vida,G,70,4:09,Latin Pop,Spanish,"Argentina, Mexico",2002,,,,
508,Sin Bandera,,Mientes Tan Bien,G,68,3:33,Latin Pop,Spanish,"Argentina, Mexico",2004,,,,
509,Luis Fonsi,,Quisiera poder olvidarme de ti,Db,126,4:18,Latin Pop,Spanish,Puerto Rico,2008,,,,
510,Luis Fonsi,,Abrazar La Vida,E,78,3:29,Latin Pop,Spanish,Puerto Rico,2003,,,,
511,Luis Fonsi,,Por una mujer,E,138,2:48,Latin Pop,Spanish,Puerto Rico,2002,,,,
512,Luis Fonsi,,Me Matas,G,86,3:05,Latin Pop,Spanish,Puerto Rico,2008,,,,
513,Luis Fonsi,,¿Quién Te Dijo Eso?,F,67,4:28,Latin Pop,Spanish,Puerto Rico,2003,,,,
514,Luis Fonsi,,No Te Cambio Por Ninguna,Bb,123,3:36,Latin Pop,Spanish,Puerto Rico,2002,,,,
515,Luis Fonsi,,Imagíname Sin Ti,E,59,4:03,Latin Pop,Spanish,Puerto Rico,2001,,,,
516,Luis Fonsi,,Tu Amor,Am,77,3:39,Latin Pop,Spanish,Puerto Rico,2002,,,,
517,Luis Fonsi,,Corazón en la maleta,Bb,174,3:29,Latin Pop,Spanish,Puerto Rico,2014,,,,
518,Luis Fonsi,,No Me Doy Por Vencido,Eb,57,3:43,Latin Pop,Spanish,Puerto Rico,2008,,,,
519,Luis Fonsi,"Aleks Syntek, Noel Schajris, David Bisbal",Aqui Estoy Yo,E,75,4:07,Latin Pop,Spanish,"Puerto Rico, Mexico, Argentina, Spain",2008,,,,
520,Victor Muñoz,,Que Voy A Hacer Sin Ti,E,100,3:26,Latin Pop,Spanish,Venezuela,2007,,,,
521,Victor Muñoz,,Como Tarzán En Las Ramas,B,105,3:59,Latin Pop,Spanish,Venezuela,2012,,,,
522,Victor Muñoz,,Tu Guardian,C,89,4:06,Latin Pop,Spanish,Venezuela,2014,,,,
523,Victor Muñoz,,El que manda soy yo,G,117,3:58,Latin Pop,Spanish,Venezuela,2011,,,,
524,Tessanne Chin,Adam Levine,Let It Be,C,72,3:32,Pop,English,"Jamaica, USA",2014,,,,
525,Fanny Lu,,No Renuncio,Eb,115,3:31,Latin Pop,Spanish,Colombia,2011,,,,
526,Servando y Florentino,,Estoy Aquí Arriba,A,72,3:54,Latin Pop,Spanish,Venezuela,2006,,,,
527,Servando y Florentino,,Tin Marín,B,103,5:00,Latin Pop,Spanish,Venezuela,2005,,,,
528,Servando y Florentino,,Casas de Cartón,G,130,5:05,Latin Pop,Spanish,Venezuela,1998,Long song,,,
529,Georgina,,Con solo una mirada,E,78,3:51,Latin Pop,Spanish,"Venezuela, Spain",2009,,,,
530,Ana Isabelle,Chino & Nacho,La Vida Es Bella,D,103,3:44,Latin Pop,Spanish,"Puerto Rico, Venezuela",2011,,,,
531,Obie Bermúdez,,Celos,Bbm,106,3:39,Latin Pop,Spanish,Puerto Rico,2005,,,,
532,Marconi,Eiza González,Me Puedes Pedir Lo Que Sea,A,76,3:48,Latin Pop,Spanish,Mexico,2009,,,,
533,John Mayer,,Your body is a wonderland,F,94,4:04,Pop Rock,English,USA,2002,,,,x
534,John Mayer,,Say,Bb,84,3:45,Pop Rock,English,USA,2007,,,,
535,John Mayer,,Gravity,G,62,3:58,Pop Rock,English,USA,2006,,,,
536,John Mayer,,Free Fallin',F,88,4:07,Pop Rock,English,USA,2008,,,,x
537,Julio César,,Te Quiero Así,A,102,3:05,Latin Pop,Spanish,Venezuela,2010,,,,
538,Sixpence None the Richer,,Kiss Me,Eb,100,3:24,"Pop, Rock",English,USA,1998,,,,
539,Olivia Rodrigo,,Vampire,F,138,3:37,Pop,English,USA,2023,,,,
540,Noah Kahan,,She Calls Me Back,B,128,3:59,Indie Folk,English,USA,2022,,,,
541,Noah Kahan,,Part Of Me,Em,110,3:56,Indie Folk,English,USA,2022,,,,
542,Noah Kahan,,Mess,Bb,82,3:30,Indie Folk,English,USA,2022,,,,
543,Rawayana,"Willy Rodríguez, Cultura Profética, McKlopedia & La Vida Bohème",Sin Ti,C,73,4:43,"Reggae, Latin",Spanish,"Venezuela, Puerto Rico",2017,,,,
544,Son Dos,,Gran cobarde,Bb,80,3:52,Latin Pop,Spanish,Venezuela,2001,,,,
545,Train,,Marry Me,C,90,3:36,Pop Rock,English,USA,2009,,,,x
546,Train,,Hey Soul Sister,E,97,3:33,Pop Rock,English,USA,2009,,,,x
547,Tyler Hilton,,Missing you,Db,102,3:33,Pop Rock,English,USA,2004,,,,
548,Matt White,,Best Days,B,127,2:58,Pop Rock,English,USA,2007,,,,
549,Juanes,,Todos Los Días,E,100,3:52,Latin Rock,Spanish,Colombia,2012,,,,
550,Bruno Mars,,When I Was Your Man,C,73,3:28,Pop,English,USA,2012,,,,x
551,Bruno Mars,,Treasure,Cm,116,2:40,"Pop, Funk",English,USA,2013,,,,x
552,Bruno Mars,,The Lazy Song,G#m,88,3:07,"Pop, Reggae",English,USA,2010,,,,
553,Bruno Mars,,Marry You,F,145,4:48,Pop,English,USA,2010,,,,x
554,Bruno Mars,,Just The Way You Are,F,109,3:35,Pop,English,USA,2010,,,,x
555,Bruno Mars,,Grenade,Dm,111,3:35,Pop,English,USA,2010,,,,x
556,Bruno Mars,,24K Magic,Fm,107,3:43,"Pop, Funk",English,USA,2016,,,,
557,Fernando Delgadillo,,Puede Que Pueda,F,74,2:06,Folk,Spanish,Mexico,2004,,,,
558,Fernando Delgadillo,,Julieta,D,92,3:23,Folk,Spanish,Mexico,2001,,,,
559,Fernando Delgadillo,,Hoy Ten Miedo De Mí,C,77,2:49,Folk,Spanish,Mexico,1992,,,,
560,Fernando Delgadillo,,Hoy Hace Un Buen Día,C,71,3:05,Folk,Spanish,Mexico,1994,,,,
561,Fernando Delgadillo,,Entre Pairos y Derivas,E,102,4:12,Folk,Spanish,Mexico,1995,,,,
562,MDO,,Te Quise Olvidar,Db,72,4:32,Latin Pop,Spanish,Puerto Rico,1998,,,,
563,MDO,,No Puedo Olvidarme De Tí,A,129,3:27,Latin Pop,Spanish,Puerto Rico,2000,,,,
564,Txarango,,La dansa del vestit,G,102,3:27,"Latin Pop, Reggae",Catalan,Spain,2014,,,,
565,Bonka,Jessi Leon,A Escondidas,Dm,102,3:15,Latin Pop,Spanish,Colombia,2021,,,,
566,Jesse & Joy,,Nuevos Recuerdos,D,100,3:08,Latin Pop,Spanish,Mexico,2021,,,,
567,Max Pizzolante,,Se Sufre Pero Se Goza,G,105,3:46,Latin Pop,Spanish,Venezuela,2018,,,,
568,Max Pizzolante,,Se Me Olvida,A,68,3:43,Latin Pop,Spanish,Venezuela,2019,,,,
569,Max Pizzolante,,Pa' quererte,C,115,3:48,Latin Pop,Spanish,Venezuela,2020,,,,
570,Max Pizzolante,,Magia,F,76,3:52,Latin Pop,Spanish,Venezuela,2021,,,,
571,Max Pizzolante,,Como El Domingo,G,105,3:40,Latin Pop,Spanish,Venezuela,2022,,,,
572,Diego Torres,,Come On,B,95,3:28,"Pop, Latin",Spanish,Argentina,2010,,,,
573,Ron Pope,,A Drop In the Ocean,F,89,3:46,Indie Rock,English,USA,2007,,,,
574,Esteman,,Como Vez Primera,Am,87,3:31,Latin Pop,Spanish,Colombia,2019,,,,
575,Ale Mendoza,Dyland & Lenny,Ready 2 Go,Db,130,4:41,Latin Pop,Spanish,"Guatemala, Puerto Rico",2012,,,,
576,Ale Mendoza,,Poema,F#,121,3:53,Latin Pop,Spanish,Guatemala,2011,,,,
577,Ale Mendoza,,Dime Si Te Ves,D,115,3:18,Latin Pop,Spanish,Guatemala,2012,,,,
578,Kiko y Shara,,Yo soy de mi,C,98,3:20,Latin Pop,Spanish,Spain,2017,,,,
579,Phillip Phillips,,Home,C,121,3:27,Folk Rock,English,USA,2012,,,,
580,Pasabordo,,Brindo Por Ella,E,114,3:08,Latin Pop,Spanish,Colombia,2015,,,,
581,MR,,Preguntas,G,100,3:48,Latin Pop,Spanish,Venezuela,2016,,,,
582,MR,,Iré Tras De Ti,B,130,3:32,Latin Pop,Spanish,Venezuela,2017,,,,
583,Tommy Torres,,Tarde O Temprano,B,84,4:15,Latin Pop,Spanish,Puerto Rico,2010,,,,
584,Tommy Torres,,Querido Tommy,G,71,4:56,Latin Pop,Spanish,Puerto Rico,2011,,,,
585,Tommy Torres,,Por Un Beso Tuyo,Bm,90,3:09,Latin Pop,Spanish,Puerto Rico,2008,,,,
586,Tommy Torres,,Pegadito,A,83,3:35,Latin Pop,Spanish,Puerto Rico,2017,,,,
587,Tommy Torres,Ricardo Arjona,Mientras Tanto,Ab,83,5:27,Latin Pop,Spanish,"Puerto Rico, Guatemala",2010,Long song,,,
588,Tommy Torres,,Mar Adentro,Ab,64,4:10,Latin Pop,Spanish,Puerto Rico,2010,,,,
589,Tommy Torres,Jesse & Joy,Imparable,C,79,3:38,Latin Pop,Spanish,"Puerto Rico, Mexico",2017,,,,
590,Tercer Cielo,,Yo Te Extrañare,D,82,4:19,"Contemporary Christian, Latin Pop",Spanish,Dominican Republic,2008,,,,
591,Rio Roma,Fonseca,Caminar De Tu Mano,Db,106,3:36,Latin Pop,Spanish,"Mexico, Colombia",2016,,,,
592,Jackson 5,,I Want You Back,Ab,98,2:53,"Pop, Soul",English,USA,1969,,,,
593,Gaby Noya,,Y Ahora Mírame,E,125,3:21,Latin Pop,Spanish,Venezuela,2019,,,,
594,Diego Torres,,Usted,A,102,4:47,Latin Pop,Spanish,Argentina,2014,,,,
595,Diego Torres,,Tratar de Estar Mejor,D,94,4:28,"Latin Pop, Rock",Spanish,Argentina,1994,,,,
596,Diego Torres,,Se Que Ya No Volverás,G,98,5:02,"Latin Pop, Rock",Spanish,Argentina,1996,Long song,,,
597,Diego Torres,,Que Será,E,92,4:22,Latin Pop,Spanish,Argentina,1996,,,,
598,Diego Torres,,La Última Noche,B,87,4:10,Latin Pop,Spanish,Argentina,2004,,,,
599,Diego Torres,,Color Esperanza,G,87,5:08,Latin Pop,Spanish,Argentina,2001,Long song,,,
600,Diego Torres,Juan Luis Guerra,Abriendo Caminos,G,106,4:01,Latin Pop,Spanish,"Argentina, Dominican Republic",2007,Cool intermission,,,
601,Avril Lavigne,,I'm With You,A,76,3:31,Pop Rock,English,Canada,2002,,,,
602,The Beatles,,Yesterday,F,96,2:02,"Pop, Rock",English,UK,1965,,,,x
603,The Beatles,,Come Together,Dm,83,4:13,Rock,English,UK,1969,,,,
604,Fleetwood Mac,,Landslide,Bb,80,3:14,Rock,English,"UK, USA",1975,,,,
605,Camila,,Sólo Para Tí,Ab,78,2:57,Latin Pop,Spanish,Mexico,2006,,,,
606,GALE,,Ego,Bm,87,2:32,Pop,Spanish,Puerto Rico,2020,,,,
607,Covi Quintana,,Yo Me Enamoré,C,101,2:41,Latin Pop,Spanish,Dominican Republic,2018,,,,
608,Covi Quintana,,Soy,G,95,3:42,Latin Pop,Spanish,Dominican Republic,2015,,,,
609,Covi Quintana,,Soy Dominicana,G,100,3:28,Latin Pop,Spanish,Dominican Republic,2015,,,,
610,Covi Quintana,,No Es Casualidad,B,95,3:06,Latin Pop,Spanish,Dominican Republic,2015,,,,
611,Covi Quintana,,Me Has Devuelto,B,92,3:42,Latin Pop,Spanish,Dominican Republic,2015,,,,
612,Covi Quintana,,Darte Lo Que Soy,C,98,3:23,Latin Pop,Spanish,Dominican Republic,2015,,,,
613,Covi Quintana,,Bésame Suavecito,C,96,2:08,Latin Pop,Spanish,Dominican Republic,2015,,,,
614,Beatriz Luengo,,Lengua,A,87,3:28,Latin Pop,Spanish,Spain,2011,,,,
615,Beatriz Luengo,,Hallelujah,G,65,5:36,Pop,Spanish,Spain,2011,Long song,,,
616,Beatriz Luengo,,Chicas De Revista,D,93,3:26,Latin Pop,Spanish,Spain,2015,,,,
617,Beatriz Luengo,,Como tu no hay dos,A,85,3:13,Latin Pop,Spanish,Spain,2018,,,,
618,Vicente García,Cultura Profética,Mi Balcón,C,126,4:13,"Reggae, Latin",Spanish,"Dominican Republic, Puerto Rico",2016,,,,
619,Omi,,Cheerleader,E,118,3:00,"Reggae, Pop",English,Jamaica,2014,,,,
620,Morat,Aitana,Presiento,D,90,2:52,Latin Pop,Spanish,"Colombia, Spain",2019,,,,
621,Morat,Juanes,506,C,143,2:57,Latin Pop,Spanish,Colombia,2022,,,,
622,Julieta Venegas,,Me Voy,D,72,3:05,"Latin Pop, Rock",Spanish,Mexico,2006,,,,
623,Julieta Venegas,,Limon Y Sal,B,111,3:23,"Latin Pop, Rock",Spanish,Mexico,2006,,,,
624,Julieta Venegas,,Lento,F,144,3:56,"Latin Pop, Rock",Spanish,Mexico,2003,,,,
625,Julieta Venegas,,El Presente,B,72,3:40,"Latin Pop, Rock",Spanish,Mexico,2008,,,,
626,Julieta Venegas,,Canciones de Amor,D,194,2:50,"Latin Pop, Rock",Spanish,Mexico,2008,,,,
627,Juanes,,Volverte A Ver,F#,85,3:35,Latin Rock,Spanish,Colombia,2004,,,,
628,Juanes,,Un Dia Normal,G,90,3:37,Latin Rock,Spanish,Colombia,2002,,,,
629,Juanes,,Nada Valgo Sin Tu Amor,C,77,3:13,Latin Rock,Spanish,Colombia,2004,,,,
630,Juanes,,La Camisa Negra,F#m,97,3:33,Latin Rock,Spanish,Colombia,2005,,,,
631,Juanes,,Es Por Ti,E,130,4:06,Latin Rock,Spanish,Colombia,2002,,,,
632,Juanes,,A Dios Le Pido,Am,97,3:22,Latin Rock,Spanish,Colombia,2002,,,,
633,Bebe,,Ska de la Tierra,Am,100,3:39,"Ska, Rock",Spanish,Spain,2006,,,,
634,Bebe,,Ella,C,118,3:31,"Latin Pop, Rock",Spanish,Spain,2004,,,,
635,Bacilos,,Caraluna,A,103,4:21,"Latin Pop, Rock",Spanish,USA,2002,,,,
636,Camila,,Yo Quiero,Fm,104,3:24,Latin Pop,Spanish,Mexico,2006,,,,
637,Camila,,Todo Cambio,F,57,3:08,Latin Pop,Spanish,Mexico,2006,,,,
638,Camila,,Mientes,Db,57,3:22,Latin Pop,Spanish,Mexico,2009,,,,
639,Camila,,Coleccionista de Canciones,Db,71,5:04,Latin Pop,Spanish,Mexico,2010,Long song,,,
640,Camila,,Abrázame,F#,76,3:45,Latin Pop,Spanish,Mexico,2006,,,,
641,Cerulean,,Table set for two,E,120,3:42,Indie Pop,English,USA,2020,,,,
642,Cerulean,,Fade,G,122,3:54,Indie Pop,English,USA,2020,,,,
643,Cerulean,,Expired,Bm,102,3:48,Indie Pop,English,USA,2020,,,,
644,Cerulean,,12:15,E,123,4:34,Indie Pop,English,USA,2020,7ths party,,,
645,John Denver,,"Take Me Home, Country Roads",A,164,3:07,"Country, Folk",English,USA,1971,,,,x
646,John Denver,,"Leaving, On a Jet Plane",G,121,4:01,"Country, Folk",English,USA,1969,,,,x
647,Surá,,Cada Palabra,D,115,3:06,Latin Pop,Spanish,Venezuela,2012,,,,
648,A.Cinco,,Supervisor de Tus Sueños,A,82,4:05,Latin Pop,Spanish,Venezuela,2016,,,,
649,A.Cinco,,Rendido Ante Ti,D,136,3:47,Latin Pop,Spanish,Venezuela,2016,,,,
650,A.Cinco,,La Velita,F,117,4:15,Latin Pop,Spanish,Venezuela,2016,,,,
651,A.Cinco,,Dime Que,F#,115,3:59,Latin Pop,Spanish,Venezuela,2016,,,,
652,A.Cinco,,Creo Que Me Enamoré Solo,A,68,4:22,Latin Pop,Spanish,Venezuela,2016,,,,
653,Kany García,Camilo,Titanic,Bb,74,3:55,Latin Pop,Spanish,"Puerto Rico, Colombia",2020,,,,
654,Kany García,Carin Leon,Te Lo Agradezco,G,60,2:59,Latin Pop,Spanish,"Puerto Rico, Mexico",2021,,,,
655,Camilo,Diljit Dosanjh,Palpita,Em,84,2:25,"Latin Pop, Punjabi Pop","Spanish, Punjabi","Colombia, India",2021,,,,
656,Servando y Florentino,Sharlene,Mal de Amor,Bbm,135,4:11,Latin Pop,Spanish,"Venezuela, Dominican Republic",2021,,,,
657,Servando y Florentino,,Una fan enamorada,C,92,4:45,Latin Pop,Spanish,Venezuela,1998,,,,
658,Servando y Florentino,,Una Cancion Que Te Enamore,D,95,3:35,Latin Pop,Spanish,Venezuela,1998,,,,
659,Sandino y Florentino,,Enamorao,E,120,4:26,Latin Pop,Spanish,Venezuela,1998,,,,
660,Servando y Florentino,,Te Regalo la Luna,C,74,3:34,Latin Pop,Spanish,Venezuela,1997,,,,
661,Norah Jones,,Don't know why,Bb,88,3:01,"Jazz, Pop",English,USA,2002,,,,x
662,Norah Jones,,Come away with me,C,80,3:12,"Jazz, Pop",English,USA,2002,,,,x
663,Tish Hinojosa,,San Antonio Romeo,G,71,2:42,"Folk, Country",English,USA,1992,,,,x
664,Tish Hinojosa,,In The Real West,A,138,2:44,"Country, Folk",English,USA,1992,,,,x
665,Tim McGraw,,My Next Thirty Years,F,99,3:32,Country,English,USA,2000,,,,x
666,The Archies,,"Sugar, Honey, Honey",D,124,2:45,"Pop, Bubblegum",English,USA,1969,,,,x
667,Shania Twain,,You're Still The One,Eb,67,3:30,Country Pop,English,Canada,1998,,,,x
668,Shania Twain,,That Don't Impress Me Much,Bbm,125,3:38,Country Pop,English,Canada,1997,,,,
669,Shania Twain,,Life's About To Get Good,Bb,100,3:38,Country Pop,English,Canada,2017,,,,
670,Fats Waller,,Ain't Misbehavin',Eb,97,3:55,"Jazz, Swing",English,USA,1929,,,,
671,Jesse & Joy,,Corre,B,76,4:45,Latin Pop,Spanish,Mexico,2011,,,,
672,Soledad Bravo,,Ojos Malignos,G,84,5:09,"Latin, Folk",Spanish,Venezuela,1974,Long song,,,
673,Servando y Florentino,,Mal de Amor,B,81,3:45,Latin Pop,Spanish,Venezuela,2021,,,,
674,Rolando Laserie,,Mentiras Tuyas,Eb,114,2:52,Bolero,Spanish,Cuba,1960s,,,,
675,Son Dos,,Aun asi,A,77,2:31,Latin Pop,Spanish,Venezuela,2001,,,,
676,Georgina,,María,E,100,2:56,Latin Pop,Spanish,"Venezuela, Spain",2011,,,,
677,Kalimba,,No Me Quiero Enamorar,D,70,3:30,Latin Pop,Spanish,Mexico,2015,,,,
678,Jack Johnson,,Better Together,F,110,3:26,"Acoustic Pop, Folk Rock",English,USA,2005,,,,
679,Franco de Vita,,Si Tú No Estás,Db,86,4:11,Latin Pop,Spanish,Venezuela,1999,,,,
680,Andy Grammer,,Fresh Eyes,G,122,3:17,Pop,English,USA,2016,,,,
681,Alex Ubago,,Vuelves a pensar,G,90,4:17,Latin Pop,Spanish,Spain,2004,,,,
682,Alex Ubago,,A Gritos de Esperanza,G,104,4:24,Latin Pop,Spanish,Spain,2001,,,,
683,Rosana,,Sin Miedo,D,110,3:18,Latin Pop,Spanish,Spain,1996,,,,
684,Rosana,,Siempre de frente,Db,90,3:56,Latin Pop,Spanish,Spain,2013,,,,
685,Rosana,,Si tu no estas aqui,Eb,66,4:08,Latin Pop,Spanish,Spain,1996,,,,
686,Rosana,,A fuego lento,Bb,119,3:39,Latin Pop,Spanish,Spain,1996,,,,
687,Rosana,,Agua bendita,D,100,4:11,Latin Pop,Spanish,Spain,2016,,,,
688,Rosana,,Agítese antes de usar,D,120,3:38,Latin Pop,Spanish,Spain,2001,,,,
689,Georgina,,Razones,D,90,3:15,Latin Pop,Spanish,"Venezuela, Spain",2012,,,,
690,Georgina,,Voy a Estar Bien,D,128,3:06,Latin Pop,Spanish,"Venezuela, Spain",2014,,,,
691,Georgina,,Se Te Olvídó,C,99,3:40,Latin Pop,Spanish,"Venezuela, Spain",2010,,,,
692,Georgina,,Rara,Db,140,3:12,Latin Pop,Spanish,"Venezuela, Spain",2014,,,,
693,Alicia Keys,,No One,E,90,4:12,"R&B, Soul",English,USA,2007,,,,x
694,Ricardo Montaner,,Tan Enamorados,E,72,4:15,"Latin Pop, Ballad",Spanish,Venezuela,1988,,,,
695,Ricardo Montaner,,Será,Bb,110,3:43,Latin Pop,Spanish,Venezuela,1991,,,,
696,Ricardo Montaner,,La Cima Del Cielo,G,70,4:23,"Latin Pop, Ballad",Spanish,Venezuela,1989,,,,
697,Ricardo Montaner,,El poder de tu amor,C,109,3:56,"Latin Pop, Ballad",Spanish,Venezuela,1991,,,,
698,Ricardo Montaner,,Déjame llorar,Db,96,4:45,Latin Pop,Spanish,Venezuela,1990,,,,
699,Ed Sheeran,,The A Team,A,85,4:48,"Pop, Folk",English,UK,2011,,,,
700,Ed Sheeran,,Shape Of You,C#m,96,3:50,Pop,English,UK,2017,,,,
701,Ed Sheeran,,Photograph,E,108,4:13,"Pop, Folk",English,UK,2014,,,,
702,Ed Sheeran,,Lego House,B,80,3:01,Pop,English,UK,2011,,,,
703,Pink,,Fucking Perfect,G,92,3:29,Pop Rock,English,USA,2010,,,,x
704,Javier Colon,,Time After Time,C,120,3:23,"Pop, R&B",English,USA,2011,,,,
705,Javier Colon,Adam Levine,Stand Up,Gm,100,3:07,"Pop, R&B",English,USA,2011,,,,
706,Javier Colon,,Life Is Getting Better,A,90,3:21,"Pop, R&B",English,USA,2011,,,,
707,Javier Colon,,Echo,D,73,3:51,"Pop, R&B",English,USA,2011,,,,
708,Javier Colon,,Come Through for You,A,95,4:15,"Pop, R&B",English,USA,2011,,,,
709,Javier Colon,Natasha Bedingfield,As Long As We Got Love,E,90,3:15,"Pop, R&B",English,USA,2011,,,,
710,Farik Grippa,,Bailar Contigo,F#,105,3:10,Latin Pop,Spanish,Peru,2021,Faves,,,
711,Morat,,No Hay Más Que Hablar,F#,93,3:27,Latin Pop,Spanish,Colombia,2018,,,,
712,Céline Dion,,My Heart Will Go On,E,99,4:34,Pop,English,Canada,1997,,,,
713,Shakira,,Acróstico,B,72,2:51,Latin Pop,Spanish,Colombia,2023,,,,
714,Shakira,,Un tipo como tú,Dm,122,3:31,Latin Pop,Spanish,Colombia,2022,,,,
715,Bonka,,La Mona,A,118,3:30,Latin Pop,Spanish,Colombia,2008,,,,
716,Bonka,,La Mona 2,Bb,125,4:20,Latin Pop,Spanish,Colombia,2009,,,,
717,Bonka,,El Problemón,A,123,3:30,Latin Pop,Spanish,Colombia,2011,,,,
718,Jason Mraz,,3 Things,G,100,2:50,Folk Pop,English,USA,2014,,,,x
719,Caibo,,Para Que Vuelvas,F#,100,4:00,Latin Pop,Spanish,Venezuela,2012,,,,
720,Miley Cyrus,,Flowers,Am,118,3:17,Pop,English,USA,2023,,,,x
721,Karol G,,Provenza,Fm,111,3:25,"Reggaeton, Latin Pop",Spanish,Colombia,2022,,,,
722,Victor Drija,,Baila Conmigo Venezuela,C,130,2:57,Latin Pop,Spanish,Venezuela,2014,,,,
723,Caibo,,La Vecina,G,109,3:24,Latin Pop,Spanish,Venezuela,2011,,,,
724,Tecupae,,Y voy amarte,A,110,3:43,Latin Pop,Spanish,Venezuela,2012,,,,
725,Tecupae,,Déjate querer,B,108,3:45,Latin Pop,Spanish,Venezuela,2010,,,,
726,Tecupae,,3 Semanas 4 Dias,Bb,110,3:36,Latin Pop,Spanish,Venezuela,2013,,,,
727,Caibo,Nacho,Te llevo en mi corazón,C,130,3:30,Latin Pop,Spanish,Venezuela,2016,,,,
728,Caibo,,Ella fue,G,105,4:06,Latin Pop,Spanish,Venezuela,2013,,,,
729,Caibo,,Despedida,A,80,5:04,Latin Pop,Spanish,Venezuela,2015,Long song,,,
730,Victor Drija,,Un Dos Tres,Em,115,3:28,Latin Pop,Spanish,Venezuela,2016,,,,
731,Victor Drija,,Dime Qué Pasa,F,130,3:46,Latin Pop,Spanish,Venezuela,2017,,,,
732,Victor Drija,,De ti no me voy a olvidar,D,130,3:51,Latin Pop,Spanish,Venezuela,2018,,,,
733,Victor Drija,,Amanecer,Db,128,3:32,Latin Pop,Spanish,Venezuela,2019,,,,
734,Fonseca,Melendi,Simples Corazones,G,98,3:58,Latin Pop,Spanish,"Colombia, Spain",2018,,,,
735,Elton John,,Can You Feel The Love Tonight,Bb,62,3:58,Disney,English,UK,1994,,,,x
736,"Dwayne ""The Rock"" Johnson",,You're Welcome,C,135,2:34,Disney,English,USA,2016,,,,
737,Samuel E. Wright,,Under the Sea,Bb,100,3:10,Disney,English,USA,1989,,,,x
738,Shakira,,Try Everything,Db,115,3:11,Disney,English,Colombia,2016,,,,x
739,"Stephanie Beatriz, Olga Merediz",,The Family Madrigal,Db,141,4:21,Disney,"English, Spanish","USA, Colombia",2021,,,,
740,Robin Williams,,Prince Ali,Bb,105,2:49,Disney,English,USA,1992,,,,
741,Jodi Benson,,Part of Your World,F,66,3:10,Disney,English,USA,1989,,,,x
742,"Kristen Bell, Santino Fontana",,Love Is An Open Door,D,100,2:02,Disney,English,USA,2013,,,,x
743,"Jason Weaver, Rowan Atkinson, Laura Williams",,I Just Can't Wait to Be King,F#,99,2:47,Disney,English,USA,1994,,,,x
744,Auli'i Cravalho,,How Far I'll Go,E,84,2:41,Disney,English,USA,2016,,,,x
745,Roger Bart,,Go The Distance,A,91,2:16,Disney,English,USA,1997,,,,x
746,"Carmen Twillie, Lebo M.",,Circle Of Life,Bb,84,3:57,Disney,English,USA,1994,,,,x
747,"Paige O'Hara, Richard White, Jesse Corti",,Belle,C,127,4:02,Disney,English,USA,1991,,,,x
748,"Brad Kane, Lea Salonga",,A Whole New World,D,62,2:37,Disney,English,USA,1992,,,,x
749,Sebastián Yatra,Reik,Un Año,E,95,3:06,Latin Pop,Spanish,"Colombia, Mexico",2019,,,,
750,Nicky Jam,,El Amante,Ab,90,3:48,Reggaeton,Spanish,Puerto Rico,2017,,,,
751,Kurt,,La mujer perfecta,A,78,3:33,Latin Pop,Spanish,Mexico,2018,,,,
752,Felipe Peláez,,Mía,B,103,3:10,"Vallenato, Latin Pop",Spanish,Colombia,2019,,,,
753,Chyno Miranda,Mau Y Ricky,Cariño Mío,E,112,3:14,"Latin Pop, Reggaeton",Spanish,Venezuela,2018,,,,
754,Voz Veis,,Vas,G,123,3:26,Latin Pop,Spanish,Venezuela,2008,,,,
755,Voz Veis,,Te Brindo,D,100,2:51,Latin Pop,Spanish,Venezuela,2005,,,,
756,Voz Veis,,Di Qué Voy a Hacer Contigo,D,90,3:38,Latin Pop,Spanish,Venezuela,2003,,,,
757,Voz Veis,,Devuélveme Mi Amor,E,97,4:00,Latin Pop,Spanish,Venezuela,2007,,,,
758,Voz Veis,,Cosita Rica,C,104,3:08,Latin Pop,Spanish,Venezuela,2007,,,,
759,Oscarcito,,Tumbayé,E,130,3:51,Latin Pop,Spanish,Venezuela,2014,,,,
760,Neri Per Caso,,Donne,A,104,2:35,A Cappella,Italian,Italy,1995,,,,
761,Daddy Yankee,,Dura,Db,95,3:18,Reggaeton,Spanish,Puerto Rico,2018,,,,
762,Justin Timberlake,Anna Kendrick,True Colors,E,72,4:00,Pop,English,USA,2016,,,,x
763,Animal,,Només amb tu,A,110,3:22,"Rock, Pop",Catalan,Spain,2015,,,,
764,Reik,"Farruko, Camilo",Si Me Dices Que Sí,G#m,92,3:49,Latin Pop,Spanish,"Mexico, Puerto Rico, Colombia",2020,,,,
765,Jesse & Joy,,Love (Es Nuestro Idioma),Eb,91,3:47,Latin Pop,Spanish,Mexico,2015,,,,
766,Jesse & Joy,,Ya No Quiero,G,100,3:24,Latin Pop,Spanish,Mexico,2011,,,,
767,Jesse & Joy,,Mi Tesoro,D,94,3:20,Latin Pop,Spanish,Mexico,2014,,,,
768,Jesse & Joy,,Llegaste tú,C,73,4:03,Latin Pop,Spanish,Mexico,2015,,,,
769,Jesse & Joy,,En Qué Nos Convertimos,D,94,3:02,Latin Pop,Spanish,Mexico,2017,,,,
770,Jesse & Joy,,Ay doctor,Eb,102,3:20,Latin Pop,Spanish,Mexico,2009,,,,
771,The Kid LAROI,,Where Does Your Spirit Go?,D,60,3:17,Pop,English,Australia,2022,,,,
772,Taylor Swift,,I Knew You Were Trouble,F#,77,3:36,"Pop, Electropop",English,USA,2012,,,,x
773,Alex Brackney,,Lost in Austin,C,75,2:07,"Country, Folk",English,USA,2020,,,,
774,The Chicks,,I Can Love You Better,E,120,3:49,Country,English,USA,1998,,,,
775,Ricky Martin,,Vuelve,F#,68,5:05,Latin Pop,Spanish,Puerto Rico,1998,Long song,,,
776,Reik,"Ozuna, Wisin",Me Niego,Cm,94,3:40,"Latin Pop, Reggaeton",Spanish,"Mexico, Puerto Rico",2018,,,,
777,Reik,Manuel Turizo,Aleluya,Ab,96,2:35,Latin Pop,Spanish,"Mexico, Colombia",2019,,,,
778,OneRepublic,,Counting Stars,C#m,122,4:37,Pop Rock,English,USA,2013,,,,x
779,Maroon 5,,Sunday Morning,C,88,3:58,Pop Rock,English,USA,2004,,,,x
780,Maroon 5,,Sugar,Db,120,3:52,Pop,English,USA,2014,,,,
781,Maroon 5,Wiz Khalifa,Payphone,B,110,3:49,"Pop, Rap",English,USA,2012,,,,x
782,Maroon 5,Christina Aguilera,Moves Like Jagger,Bm,128,3:20,Pop,English,USA,2010,,,,x
783,Maroon 5,,Memories,B,91,3:04,Pop,English,USA,2019,,,,x
784,Maroon 5,Cardi B,Girls Like You,C,63,3:52,Pop,English,USA,2018,,,,x
785,Karol G,,Bichota,C#m,82,2:54,Reggaeton,Spanish,Colombia,2020,,,,
786,Daughtry,,Home,F#,72,4:12,Rock,English,USA,2006,,,,x
787,ChocQuibTown,,Nuqui,Ab,90,3:41,"Latin, Hip Hop",Spanish,Colombia,2016,,,,
788,Camilo,Pedro Capó,Tutu,A,146,2:57,Latin Pop,Spanish,"Colombia, Puerto Rico",2019,,,,
789,Camilo,Evaluna Montaner,Por Primera Vez,Bbm,83,3:29,Latin Pop,Spanish,"Colombia, Venezuela",2020,,,,
790,Camilo,,Millones,Bb,95,3:39,Latin Pop,Spanish,Colombia,2021,,,,
791,Micro TDH,Lasso,Ni Vivo Ni Muerto,D,95,3:58,Latin Pop,Spanish,Venezuela,2020,,,,
792,"Yordano, Servando y Florentino",,Robando Azules,C,125,3:55,Latin Pop,Spanish,Venezuela,2017,,,,
793,Yordano,,Cuentas,C,86,3:18,Latin Pop,Spanish,Venezuela,2014,,,,
794,Jesse & Joy,,3 AM,Am,102,3:01,Latin Pop,Spanish,Mexico,2015,,,,
795,Bebe,,Siete Horas,D,113,3:25,"Latin Pop, Rock",Spanish,Spain,2009,,,,
796,Vicente García,,Dulcito 'e coco,Fm,93,3:05,Bachata,Spanish,Dominican Republic,2017,,,,
797,K-Ci & JoJo,,All my life,Db,64,5:14,"R&B, Soul",English,USA,1997,Long song,,,x
798,Sugarland,,Stuck Like Glue,Db,168,4:05,Country Pop,English,USA,2010,,,,x
799,Mike Bahía,,La lá,Bb,94,3:14,Latin Pop,Spanish,Colombia,2017,,,,
800,Justin Quiles,,Loco,Ab,128,3:47,Reggaeton,Spanish,Puerto Rico,2021,,,,
801,Jesse & Joy,,Te Esperé,C,63,3:32,Latin Pop,Spanish,Mexico,2018,,,,
802,Gian Marco,,Se me olvidó,E,100,4:10,Latin Pop,Spanish,Peru,2003,,,,
803,Jesse & Joy,Luis Fonsi,Tanto,B,72,3:37,Latin Pop,Spanish,"Mexico, Puerto Rico",2019,,,,
804,Jesse & Joy,,Espacio Sideral,C,180,3:39,Latin Pop,Spanish,Mexico,2006,,,,
805,Backstreet Boys,,I Want It That Way,A,99,3:29,Pop,English,USA,1999,,,,x
806,Backstreet Boys,,Show Me The Meaning of Being Lonely,F#m,84,3:52,Pop,English,USA,1999,,,,
807,Backstreet Boys,,The One,Bb,110,3:43,Pop,English,USA,2000,,,,x
808,Backstreet Boys,,Everybody,Bbm,108,4:06,"Pop, Dance-Pop",English,USA,1997,,,,x
809,Backstreet Boys,,As Long As You Love Me,C,98,3:29,Pop,English,USA,1997,,,,x
810,Timo,,Me Gustas,Eb,100,2:48,Latin Pop,Spanish,Colombia,2021,,,,
811,The Chicks,,Wide Open Spaces,E,90,3:41,Country,English,USA,1998,,,,x
812,The Chicks,,There's Your Trouble,D,127,3:07,Country,English,USA,1998,,,,x
813,The Chicks,,Texas Man,A,160,3:42,Country,English,USA,2020,,,,
814,The Chicks,,Not Ready To Make Nice,F#,83,3:52,Country,English,USA,2006,,,,x
815,The Chicks,,Landslide,D,73,3:45,"Country, Pop",English,USA,2002,,,,x
816,The Chicks,,Cowboy Take Me Away,F#,82,4:44,Country,English,USA,1999,,,,x
817,Mauricio & Palo de Agua,,Niña,A,115,4:07,Latin Pop,Spanish,Colombia,2011,,,,
818,Magic!,,Rude,Db,144,3:43,"Reggae Fusion, Pop",English,Canada,2014,,,,
819,Jerau,,Conquista,A,114,3:35,Latin Pop,Spanish,Colombia,2014,,,,
820,Sie7e,,Tengo tu love,G,95,3:49,"Latin Pop, Reggae",Spanish,Puerto Rico,2011,,,,
821,Voz Veis,,Yo sin ti no valgo nada,G,125,3:01,Latin Pop,Spanish,Venezuela,2003,,,,
822,Voz Veis,,Pedacito de tu querer,D,108,4:03,Latin Pop,Spanish,Venezuela,2005,,,,
823,Voz Veis,,Para volver a comenzar,B,102,3:04,Latin Pop,Spanish,Venezuela,2005,,,,
824,Voz Veis,,Pa que no me puedas olvidar,F,92,3:25,Latin Pop,Spanish,Venezuela,2008,,,,
825,Voz Veis,,Niña Dura,G,124,3:12,Latin Pop,Spanish,Venezuela,2003,,,,
826,Michael Bublé,,Everything,D,123,3:29,"Pop, Jazz",English,Canada,2007,,,,x
827,Hunter Hayes,,Wanted,C,85,3:45,Country,English,USA,2011,,,,x
828,Hunter Hayes,,I Want Crazy,Eb,103,3:54,Country,English,USA,2013,,,,x
829,John Legend,,All of Me,Ab,63,4:27,"R&B, Soul",English,USA,2013,,,,x
830,Obie Bermúdez,,Paco,D,116,3:41,Latin Pop,Spanish,Puerto Rico,2012,,,,
831,Juanes,Nelly Furtado,Fotografía,G,85,3:13,"Latin Pop, Rock",Spanish,"Colombia, Canada",2002,,,,
832,"Farruko, Akon, Maffio",,Celebration,E,94,4:13,"Reggaeton, Hip Hop","English, Spanish","Puerto Rico, USA, Dominican Republic",2017,,,,
833,Coldplay,,Viva la Vida,Ab,138,3:59,"Alternative Rock, Pop",English,UK,2008,,,,x
834,Gotye,,Somebody That I Used To Know,Dm,129,4:02,Indie Pop,English,"Belgium, Australia",2011,,,,x
835,Rascal Flatts,,Bless The Broken Road,C,68,3:42,Country,English,USA,2004,,,,x
836,Reik,,Creo En Tí,Eb,86,2:43,Latin Pop,Spanish,Mexico,2012,,,,
837,Anakena,,Cinco,Bm,125,3:45,Latin Pop,Spanish,Venezuela,2020,,,,
838,"Rawayana, Danny Ocean",,Binikini,Bbm,80,3:01,"Latin Pop, Reggae",Spanish,Venezuela,2021,,,,
839,Max Pizzolante,,Dime,A,115,3:47,Latin Pop,Spanish,Venezuela,2019,,,,
840,"Mau y Ricky, Camilo",,La Boca,D,93,3:24,Latin Pop,Spanish,"Venezuela, Colombia",2019,,,,
841,Ed Sheeran,,Perfect,Ab,63,4:19,Pop,English,UK,2017,,,,x
842,Kany García,,Para Siempre ,E,80,3:17,Latin Pop,Spanish,Puerto Rico,2018,,,,
843,Carlos Vives,,Ella es mi Fiesta,E,117,4:02,"Vallenato, Latin Pop",Spanish,Colombia,2014,,,,
844,Andy & Lucas,,Tanto La Quería,Bb,144,4:35,"Latin Pop, Flamenco Pop",Spanish,Spain,2003,,,,
845,Los Amigos Invisibles,,La que me gusta,G,200,3:59,Latin Funk,Spanish,Venezuela,2015,,,,
846,Voz Veis,,El Farolito,C,70,3:13,Latin Pop,Spanish,Venezuela,2005,Chord progressions,,,
847,Son Dos,,Enamorada de ti,Bb,70,3:52,Latin Pop,Spanish,Venezuela,2001,,,,
848,Michael Bublé,,Haven't Met You Yet,Db,123,4:01,"Pop, Jazz",English,Canada,2009,,,,x
849,Elton John,,Your Song,Eb,64,3:58,"Pop, Rock",English,UK,1970,,,,x
850,Voz Veis,,Segundo Plato,F,85,3:11,Latin Pop,Spanish,Venezuela,2005,,,,
851,Voz Veis,,Aunque sea poco,Bb,90,4:34,Latin Pop,Spanish,Venezuela,2008,,,,
852,Victor Muñoz,,Mi Princesa,Bb,94,3:52,Latin Pop,Spanish,Venezuela,2013,,,,
853,Vicente García,,Te Soñé,D,123,3:22,"Bachata, Latin Pop",Spanish,Dominican Republic,2018,,,,
854,Son Dos,,Mujer ideal,A,116,3:12,Latin Pop,Spanish,Venezuela,2001,,,,
855,Son Dos,,Medicina alternativa,B,100,3:54,Latin Pop,Spanish,Venezuela,2001,,,,
856,Son Dos,,El conjuro,Bb,98,3:22,Latin Pop,Spanish,Venezuela,2001,,,,
857,Son Dos,,Cuando vuelvas junto a mi,C,80,4:11,Latin Pop,Spanish,Venezuela,2001,,,,
858,Shakira,,Día De Enero,Bb,83,2:48,Latin Pop,Spanish,Colombia,2005,,,,
859,Servando,,Obviamente,E,88,4:19,Latin Pop,Spanish,Venezuela,2007,,,,
860,Rosana,,Pa ti no estoy,C#m,142,4:08,Latin Pop,Spanish,Spain,2001,,,,
861,Norah Jones,,Sunrise,Eb,78,3:16,"Jazz, Pop",English,USA,2004,,,,x
862,Mike Bahía,,Buscándote ,F#m,94,3:59,Latin Pop,Spanish,Colombia,2014,,,,
863,Max Pizzolante,,Pensando en tí,Ab,70,3:13,Latin Pop,Spanish,Venezuela,2019,,,,
864,"Luis Fonsi, Juan Luis Guerra",,Llegaste Tú,Db,120,3:37,Latin Pop,Spanish,"Puerto Rico, Dominican Republic",2012,,,,
865,Luis Fonsi,,Girasoles,A,89,2:47,Latin Pop,Spanish,Puerto Rico,2020,Faves,,,
866,Lithium,,Ella,C,115,2:56,"Rock, Pop",Spanish,Venezuela,2017,,,,
867,Justin Bieber,,What Do You Mean,Ab,125,3:24,Pop,English,Canada,2015,,,,x
868,Justin Bieber,,Love Yourself,E,100,3:50,Pop,English,Canada,2015,,,,x
869,Juan Luis Guerra,,La Hormiguita,Bb,120,3:01,Bachata,Spanish,Dominican Republic,1994,,,,
870,Jorge Drexler,,Sea,G,135,3:43,"Latin Pop, Folk",Spanish,Uruguay,2001,,,,
871,Jesse & Joy,,Fin Del Mundo ,D,97,2:54,Latin Pop,Spanish,Mexico,2021,,,,
872,Jesse & Joy,,Aire,E,111,2:49,Latin Pop,Spanish,Mexico,2020,,,,
873,Jeremías,,Uno y uno igual a tres,A,86,3:51,Latin Pop,Spanish,Venezuela,2007,,,,
874,Javier Colon,,"Ok, Here's The Truth",F,96,4:29,"Pop, R&B",English,USA,2011,,,,x
875,Jason Mraz,,Lucky,C,65,3:07,Pop,English,USA,2008,,,,x
876,Jason Mraz,,Live High,A,86,4:11,"Pop, Folk",English,USA,2008,,,,x
877,Jason Mraz,,I'm Yours,B,76,4:53,"Pop, Reggae",English,USA,2008,,,,x
878,Jason Mraz,,A Beautiful Mess,E,60,5:07,"Pop, Folk",English,USA,2008,Long song,,,x
879,Georgina,,Nunca más,G,95,3:25,Latin Pop,Spanish,"Venezuela, Spain",2009,,,,
880,Georgina,,Me enamoré,D,122,3:17,Latin Pop,Spanish,"Venezuela, Spain",2009,,,,
881,Franco de Vita,,Traigo Una Pena,E,130,4:37,Latin Pop,Spanish,Venezuela,2004,,,,
882,Franco de Vita,,Te Veo Venir Soledad,Ab,91,4:15,Latin Pop,Spanish,Venezuela,2004,,,,
883,Fonseca,,Te mando flores ,C,102,3:46,Latin Pop,Spanish,Colombia,2005,,,,
884,Ed Sheeran,,Thinking Out Loud,D,79,4:42,Pop,English,UK,2014,,,,x
885,Dispatch,,The General,F,94,4:04,Indie Rock,English,USA,1998,,,,
886,Chino y Nacho,,El Poeta,C,120,3:37,Latin Pop,Spanish,Venezuela,2011,,,,
887,Carlos Vives,,Quiero verte sonreir,D,93,3:13,Vallenato,Spanish,Colombia,2013,,,,
888,Camilo,,Kesi,E,123,2:53,"Reggaeton, Latin Pop",Spanish,Colombia,2021,,,,
889,Beatriz Luengo,,Ley De Newton,Bb,78,3:28,Latin Pop,Spanish,Spain,2011,,,,
890,Alicia Keys,,Underdog,Cm,90,3:23,Pop,English,USA,2020,,,,x